Workbook

Sheet Task1
B3: Column Labels
B4: Facebook | E4: Instagram | H4: Twitter | K4: Youtube | N4: Total Sum of Likes | O4: Total Sum of Shares | P4: Total Sum of Comments
A5: Row Labels | B5: Sum of Likes | C5: Sum of Shares | D5: Sum of Comments | E5: Sum of Likes | F5: Sum of Shares | G5: Sum of Comments | H5: Sum of Likes | I5: Sum of Shares | J5: Sum of Comments | K5: Sum of Likes | L5: Sum of Shares | M5: Sum of Comments
A6: Carousel | B6: 44476 | C6: 7400 | D6: 4589 | E6: 43948 | F6: 6975 | G6: 3890 | H6: 48649 | I6: 5791 | J6: 3607 | K6: 24926 | L6: 6305 | M6: 2422 | N6: 161999 | O6: 26471 | P6: 14508
A7: Image | B7: 71602 | C7: 12904 | D7: 6495 | E7: 34202 | F7: 5286 | G7: 2655 | H7: 43761 | I7: 7110 | J7: 5125 | K7: 23903 | L7: 4310 | M7: 2077 | N7: 173468 | O7: 29610 | P7: 16352
A8: Reel | B8: 36368 | C8: 5964 | D8: 3353 | E8: 32148 | F8: 8110 | G8: 3386 | H8: 27029 | I8: 4550 | J8: 1913 | K8: 32400 | L8: 4577 | M8: 2668 | N8: 127945 | O8: 23201 | P8: 11320
A9: Story | B9: 29405 | C9: 4950 | D9: 3223 | E9: 42649 | F9: 10049 | G9: 3846 | H9: 20466 | I9: 5090 | J9: 3026 | K9: 31968 | L9: 3866 | M9: 2012 | N9: 124488 | O9: 23955 | P9: 12107
A10: Text | B10: 31963 | C10: 4792 | D10: 3377 | E10: 25567 | F10: 5112 | G10: 1946 | H10: 31899 | I10: 4861 | J10: 3910 | K10: 27067 | L10: 3928 | M10: 1052 | N10: 116496 | O10: 18693 | P10: 10285
A11: Video | B11: 28947 | C11: 3171 | D11: 2263 | E11: 25770 | F11: 5912 | G11: 2128 | H11: 29593 | I11: 6326 | J11: 3299 | K11: 31285 | L11: 5586 | M11: 2589 | N11: 115595 | O11: 20995 | P11: 10279
A12: Grand Total | B12: 242761 | C12: 39181 | D12: 23300 | E12: 204284 | F12: 41444 | G12: 17851 | H12: 201397 | I12: 33728 | J12: 20880 | K12: 171549 | L12: 28572 | M12: 12820 | N12: 819991 | O12: 142925 | P12: 74851

Sheet Task2
A3: Row Labels | B3: Average of Clicks
A4: #EVRevolution | B4: 152.86598
A5: #FutureOfDriving | B5: 144.03883
A6: #TeslaCoInnovation | B6: 157.02
A7: Grand Total | B7: 151.22

Sheet Task3
A1: Row Labels | B1: Sum of Engagement Rate
A2: Facebook | B2: 88.586848
A3: Instagram | B3: 287.25032
A4: Twitter | B4: 287.22914
A5: Youtube | B5: 66.155868
A6: Grand Total | B6: 729.22218
A15: Max of Total_Followers | B15: Column Labels
A16: Row Labels | B16: Facebook | C16: Instagram | D16: Twitter | E16: YouTube | F16: Grand Total
A17: 2024-06-03 | B17: 42654 | C17: 344084 | D17: 146834 | E17: 395536 | F17: 395536
A18: 2024-06-10 | B18: 316555 | C18: 49157 | D18: 254347 | E18: 413878 | F18: 413878
A19: 2024-06-17 | B19: 169496 | C19: 456946 | D19: 122732 | E19: 382851 | F19: 456946
A20: 2024-06-24 | B20: 26295 | C20: 35664 | D20: 298421 | E20: 426184 | F20: 426184
A21: 2024-07-01 | B21: 220020 | C21: 419447 | D21: 315305 | E21: 113678 | F21: 419447
A22: 2024-07-08 | B22: 251694 | C22: 58223 | D22: 389810 | E22: 233694 | F22: 389810
A23: 2024-07-15 | B23: 334626 | C23: 154169 | D23: 226002 | E23: 156683 | F23: 334626
A24: 2024-07-22 | B24: 295032 | C24: 473812 | D24: 198278 | E24: 306564 | F24: 473812
A25: 2024-07-29 | B25: 435034 | C25: 23664 | D25: 287574 | E25: 62499 | F25: 435034
A26: 2024-08-05 | B26: 125034 | C26: 437968 | D26: 449994 | E26: 320650 | F26: 449994
A27: 2024-08-12 | B27: 307612 | C27: 489188 | D27: 434883 | E27: 102042 | F27: 489188
A28: 2024-08-19 | B28: 183924 | C28: 325444 | D28: 188655 | E28: 87443 | F28: 325444
... A67: Grand Total | B67: 496982 | C67: 489188 | D67: 487896 | E67: 488901 | F67: 496982
A71: Row Labels | B71: Sum of Engagement_Rate | C71: Sum of Ad_Spend
A72: Facebook | B72: 282.43 | C72: 1379539
A73: Instagram | B73: 285.78 | C73: 1164373
A74: Twitter | B74: 282.79 | C74: 1060357
A75: YouTube | B75: 277.94 | C75: 1228647
A76: Grand Total | B76: 1128.94 | C76: 4832916

Sheet Task4
A2: Row Labels | B2: Count of Post ID
A3: #TeslaCoInnovation | B3: 100
A4: #FutureOfDriving | B4: 103
A5: #EVRevolution | B5: 97
A6: Grand Total | B6: 300
A20: Row Labels | B20: Sum of Engagement Rate
A21: #EVRevolution | B21: 300.03461
A22: #FutureOfDriving | B22: 113.01987
A23: #TeslaCoInnovation | B23: 316.16771
A24: Grand Total | B24: 729.22218
A40: Sum of Engagement Rate | B40: Column Labels
A41: Row Labels | B41: Facebook | C41: Instagram | D41: Twitter | E41: Youtube | F41: Grand Total
A42: Carousel | B42: 14.622724 | C42: 18.281643 | D42: 219.20597 | E42: 15.348826 | F42: 267.45916
A43: Image | B43: 26.906155 | C43: 10.910512 | D43: 21.075258 | E43: 10.116999 | F43: 69.008923
A44: Reel | B44: 11.428935 | C44: 19.193332 | D44: 11.914006 | E44: 12.658591 | F44: 55.194865
A45: Story | B45: 12.066521 | C45: 213.65871 | D45: 10.690697 | E45: 9.2629124 | F45: 245.67884
A46: Text | B46: 13.777163 | C46: 10.818 | D46: 11.589169 | E46: 8.2910698 | F46: 44.475401
A47: Video | B47: 9.7853501 | C47: 14.388125 | D47: 12.754043 | E47: 10.47747 | F47: 47.404988
A48: Grand Total | B48: 88.586848 | C48: 287.25032 | D48: 287.22914 | E48: 66.155868 | F48: 729.22218

Sheet Task6
A2: Sum of New_Followers | B2: Column Labels
A3: Row Labels | B3: Facebook | C3: Instagram | D3: Twitter | E3: YouTube | F3: Grand Total
A4: 2024-06-03 | B4: 1312 | C4: 1135 | D4: 584 | E4: 1535 | F4: 4566
A5: 2024-06-10 | B5: 1697 | C5: 656 | D5: 436 | E5: 1197 | F5: 3986
A6: 2024-06-17 | B6: 1753 | C6: 1048 | D6: 1335 | E6: 403 | F6: 4539
A7: 2024-06-24 | B7: 1779 | C7: 911 | D7: 1238 | E7: 308 | F7: 4236
A8: 2024-07-01 | B8: 505 | C8: 226 | D8: 1420 | E8: 144 | F8: 2295
A9: 2024-07-08 | B9: 350 | C9: 1757 | D9: 987 | E9: 883 | F9: 3977
A10: 2024-07-15 | B10: 170 | C10: 1960 | D10: 704 | E10: 224 | F10: 3058
A11: 2024-07-22 | B11: 1391 | C11: 508 | D11: 1701 | E11: 804 | F11: 4404
A12: 2024-07-29 | B12: 160 | C12: 653 | D12: 1756 | E12: 576 | F12: 3145
A13: 2024-08-05 | B13: 214 | C13: 645 | D13: 826 | E13: 460 | F13: 2145
A14: 2024-08-12 | B14: 1534 | C14: 1528 | D14: 485 | E14: 1210 | F14: 4757
A15: 2024-08-19 | B15: 1078 | C15: 215 | D15: 1751 | E15: 221 | F15: 3265
... A54: Grand Total | B54: 50862 | C54: 58311 | D54: 53484 | E54: 47471 | F54: 210128

Sheet Posts
A1: Post ID | B1: Clean Platform | C1: Date | D1: Content Type | E1: Post Text | F1: Likes | G1: Shares | H1: Comments | I1: Impressions | J1: Reach | K1: Clicks | L1: Hashtags Used | M1: Hashtags used2 | N1: Engagement Rate | P1: Campaign Name
A2: P279 | B2: Youtube | C2: 2024-09-02 | D2: Image | E2: Check out our latest image on youtube! | F2: 4905 | G2: 845 | H2: 129 | I2: 98100 | J2: 97772 | K2: 279 | L2: #TeslaCoInnovation | N2: 1.0133167 | P2: =IF(AND(C2 >= 'Campaign Metadata'!B$2, C2 <= 'Campaign Metadata'!C$2), 'Campaign Metadata'!A$2, IF(AND(C2 >= 'Campaign Metadata'!B$3, C2 <= 'Campaign Metadata'!C$3), 'Campaign Metadata'!A$3, IF(AND(C2 >= 'Campaign Metadata'!B$4, C2 <= 'Campaign Metadata'!C$4), 'Campaign Metadata'!A$4, IF(AND(C2 >= 'Campaign Metadata'!B$5, C2 <= 'Campaign Metadata'!C$5), 'Campaign Metadata'!A$5, "No Campaign")))) -> No Campaign
A3: P144 | B3: Youtube | C3: 2024-10-28 | D3: Story | E3: Check out our latest story on youtube! | F3: 4929 | G3: 749 | H3: 452 | I3: 93651 | J3: 92810 | K3: 66 | L3: #EVRevolution | N3: 1.0220019 | P3: =IF(AND(C3 >= 'Campaign Metadata'!B$2, C3 <= 'Campaign Metadata'!C$2), 'Campaign Metadata'!A$2, IF(AND(C3 >= 'Campaign Metadata'!B$3, C3 <= 'Campaign Metadata'!C$3), 'Campaign Metadata'!A$3, IF(AND(C3 >= 'Campaign Metadata'!B$4, C3 <= 'Campaign Metadata'!C$4), 'Campaign Metadata'!A$4, IF(AND(C3 >= 'Campaign Metadata'!B$5, C3 <= 'Campaign Metadata'!C$5), 'Campaign Metadata'!A$5, "No Campaign")))) -> ModelYCampaign
A4: P217 | B4: Facebook | C4: 2024-12-03 | D4: Image | E4: Check out our latest image on facebook! | F4: 4606 | G4: 931 | H4: 230 | I4: 92120 | J4: 91440 | K4: 56 | L4: #TeslaCoInnovation | N4: 1.0201334 | P4: =IF(AND(C4 >= 'Campaign Metadata'!B$2, C4 <= 'Campaign Metadata'!C$2), 'Campaign Metadata'!A$2, IF(AND(C4 >= 'Campaign Metadata'!B$3, C4 <= 'Campaign Metadata'!C$3), 'Campaign Metadata'!A$3, IF(AND(C4 >= 'Campaign Metadata'!B$4, C4 <= 'Campaign Metadata'!C$4), 'Campaign Metadata'!A$4, IF(AND(C4 >= 'Campaign Metadata'!B$5, C4 <= 'Campaign Metadata'!C$5), 'Campaign Metadata'!A$5, "No Campaign")))) -> No Campaign
A5: P107 | B5: Youtube | C5: 2024-06-21 | D5: Image | E5: Check out our latest image on youtube! | F5: 4832 | G5: 893 | H5: 10 | I5: 91808 | J5: 91296 | K5: 182 | L5: #TeslaCoInnovation | N5: 1.015499 | P5: =IF(AND(C5 >= 'Campaign Metadata'!B$2, C5 <= 'Campaign Metadata'!C$2), 'Campaign Metadata'!A$2, IF(AND(C5 >= 'Campaign Metadata'!B$3, C5 <= 'Campaign Metadata'!C$3), 'Campaign Metadata'!A$3, IF(AND(C5 >= 'Campaign Metadata'!B$4, C5 <= 'Campaign Metadata'!C$4), 'Campaign Metadata'!A$4, IF(AND(C5 >= 'Campaign Metadata'!B$5, C5 <= 'Campaign Metadata'!C$5), 'Campaign Metadata'!A$5, "No Campaign")))) -> CybertruckLaunch
A6: P063 | B6: Twitter | C6: 2024-07-31 | D6: Carousel | E6: Check out our latest carousel on twitter! | F6: 4507 | G6: 217 | H6: 13 | I6: 90140 | J6: 89591 | K6: 125 | L6: #FutureOfDriving | N6: 1.0086951 | P6: =IF(AND(C6 >= 'Campaign Metadata'!B$2, C6 <= 'Campaign Metadata'!C$2), 'Campaign Metadata'!A$2, IF(AND(C6 >= 'Campaign Metadata'!B$3, C6 <= 'Campaign Metadata'!C$3), 'Campaign Metadata'!A$3, IF(AND(C6 >= 'Campaign Metadata'!B$4, C6 <= 'Campaign Metadata'!C$4), 'Campaign Metadata'!A$4, IF(AND(C6 >= 'Campaign Metadata'!B$5, C6 <= 'Campaign Metadata'!C$5), 'Campaign Metadata'!A$5, "No Campaign")))) -> No Campaign
A7: P225 | B7: Twitter | C7: 2024-06-20 | D7: Carousel | E7: Check out our latest carousel on twitter! | F7: 4672 | G7: 325 | H7: 32 | I7: 88768 | J7: 87833 | K7: 118 | L7: #EVRevolution | N7: 1.0147097 | P7: =IF(AND(C7 >= 'Campaign Metadata'!B$2, C7 <= 'Campaign Metadata'!C$2), 'Campaign Metadata'!A$2, IF(AND(C7 >= 'Campaign Metadata'!B$3, C7 <= 'Campaign Metadata'!C$3), 'Campaign Metadata'!A$3, IF(AND(C7 >= 'Campaign Metadata'!B$4, C7 <= 'Campaign Metadata'!C$4), 'Campaign Metadata'!A$4, IF(AND(C7 >= 'Campaign Metadata'!B$5, C7 <= 'Campaign Metadata'!C$5), 'Campaign Metadata'!A$5, "No Campaign")))) -> CybertruckLaunch
A8: P197 | B8: Twitter | C8: 2024-10-22 | D8: Reel | E8: Check out our latest reel on twitter! | F8: 4782 | G8: 721 | H8: 82 | I8: 86076 | J8: 85339 | K8: 19 | L8: #EVRevolution | N8: 1.0180457 | P8: =IF(AND(C8 >= 'Campaign Metadata'!B$2, C8 <= 'Campaign Metadata'!C$2), 'Campaign Metadata'!A$2, IF(AND(C8 >= 'Campaign Metadata'!B$3, C8 <= 'Campaign Metadata'!C$3), 'Campaign Metadata'!A$3, IF(AND(C8 >= 'Campaign Metadata'!B$4, C8 <= 'Campaign Metadata'!C$4), 'Campaign Metadata'!A$4, IF(AND(C8 >= 'Campaign Metadata'!B$5, C8 <= 'Campaign Metadata'!C$5), 'Campaign Metadata'!A$5, "No Campaign")))) -> ModelYCampaign
A9: P298 | B9: Facebook | C9: 2024-10-24 | D9: Image | E9: Check out our latest image on facebook! | F9: 4303 | G9: 451 | H9: 286 | I9: 86060 | J9: 85823 | K9: 14 | L9: #TeslaCoInnovation | N9: 1.0113489 | P9: =IF(AND(C9 >= 'Campaign Metadata'!B$2, C9 <= 'Campaign Metadata'!C$2), 'Campaign Metadata'!A$2, IF(AND(C9 >= 'Campaign Metadata'!B$3, C9 <= 'Campaign Metadata'!C$3), 'Campaign Metadata'!A$3, IF(AND(C9 >= 'Campaign Metadata'!B$4, C9 <= 'Campaign Metadata'!C$4), 'Campaign Metadata'!A$4, IF(AND(C9 >= 'Campaign Metadata'!B$5, C9 <= 'Campaign Metadata'!C$5), 'Campaign Metadata'!A$5, "No Campaign")))) -> ModelYCampaign
A10: P288 | B10: Youtube | C10: 2025-04-17 | D10: Carousel | E10: Check out our latest carousel on youtube! | F10: 4780 | G10: 691 | H10: 380 | I10: 86040 | J10: 85743 | K10: 262 | L10: #FutureOfDriving | N10: 1.0159547 | P10: =IF(AND(C10 >= 'Campaign Metadata'!B$2, C10 <= 'Campaign Metadata'!C$2), 'Campaign Metadata'!A$2, IF(AND(C10 >= 'Campaign Metadata'!B$3, C10 <= 'Campaign Metadata'!C$3), 'Campaign Metadata'!A$3, IF(AND(C10 >= 'Campaign Metadata'!B$4, C10 <= 'Campaign Metadata'!C$4), 'Campaign Metadata'!A$4, IF(AND(C10 >= 'Campaign Metadata'!B$5, C10 <= 'Campaign Metadata'!C$5), 'Campaign Metadata'!A$5, "No Campaign")))) -> No Campaign
A11: P150 | B11: Youtube | C11: 2024-08-22 | D11: Carousel | E11: Check out our latest carousel on youtube! | F11: 4295 | G11: 853 | H11: 325 | I11: 85900 | J11: 85788 | K11: 290 | L11: #TeslaCoInnovation | N11: 1.0150371 | P11: =IF(AND(C11 >= 'Campaign Metadata'!B$2, C11 <= 'Campaign Metadata'!C$2), 'Campaign Metadata'!A$2, IF(AND(C11 >= 'Campaign Metadata'!B$3, C11 <= 'Campaign Metadata'!C$3), 'Campaign Metadata'!A$3, IF(AND(C11 >= 'Campaign Metadata'!B$4, C11 <= 'Campaign Metadata'!C$4), 'Campaign Metadata'!A$4, IF(AND(C11 >= 'Campaign Metadata'!B$5, C11 <= 'Campaign Metadata'!C$5), 'Campaign Metadata'!A$5, "No Campaign")))) -> No Campaign
A12: P067 | B12: Facebook | C12: 2025-03-29 | D12: Carousel | E12: Check out our latest carousel on facebook! | F12: 4712 | G12: 568 | H12: 127 | I12: 84816 | J12: 84691 | K12: 100 | L12: #EVRevolution | N12: 1.0096823 | P12: =IF(AND(C12 >= 'Campaign Metadata'!B$2, C12 <= 'Campaign Metadata'!C$2), 'Campaign Metadata'!A$2, IF(AND(C12 >= 'Campaign Metadata'!B$3, C12 <= 'Campaign Metadata'!C$3), 'Campaign Metadata'!A$3, IF(AND(C12 >= 'Campaign Metadata'!B$4, C12 <= 'Campaign Metadata'!C$4), 'Campaign Metadata'!A$4, IF(AND(C12 >= 'Campaign Metadata'!B$5, C12 <= 'Campaign Metadata'!C$5), 'Campaign Metadata'!A$5, "No Campaign")))) -> SustainabilityDrive
A13: P215 | B13: Facebook | C13: 2025-05-06 | D13: Image | E13: Check out our latest image on facebook! | F13: 4872 | G13: 925 | H13: 176 | I13: 82824 | J13: 82543 | K13: 89 | L13: #EVRevolution | N13: 1.0167428 | P13: =IF(AND(C13 >= 'Campaign Metadata'!B$2, C13 <= 'Campaign Metadata'!C$2), 'Campaign Metadata'!A$2, IF(AND(C13 >= 'Campaign Metadata'!B$3, C13 <= 'Campaign Metadata'!C$3), 'Campaign Metadata'!A$3, IF(AND(C13 >= 'Campaign Metadata'!B$4, C13 <= 'Campaign Metadata'!C$4), 'Campaign Metadata'!A$4, IF(AND(C13 >= 'Campaign Metadata'!B$5, C13 <= 'Campaign Metadata'!C$5), 'Campaign Metadata'!A$5, "No Campaign")))) -> No Campaign
... A26: P237 | B26: Instagram | C26: 2024-10-22 | D26: Story | E26: Check out our latest story on instagram! | F26: 3770 | G26: 917 | H26: 129 | I26: 71630 | J26: 71322 | K26: 76 | L26: #FutureOfDriving | N26: 1.0189843 | P26: =IF(AND(C26 >= 'Campaign Metadata'!B$2, C26 <= 'Campaign Metadata'!C$2), 'Campaign Metadata'!A$2, IF(AND(C26 >= 'Campaign Metadata'!B$3, C26 <= 'Campaign Metadata'!C$3), 'Campaign Metadata'!A$3, IF(AND(C26 >= 'Campaign Metadata'!B$4, C26 <= 'Campaign Metadata'!C$4), 'Campaign Metadata'!A$4, IF(AND(C26 >= 'Campaign Metadata'!B$5, C26 <= 'Campaign Metadata'!C$5), 'Campaign Metadata'!A$5, "No Campaign")))) -> ModelYCampaign
A27: P005 | B27: Youtube | C27: 2024-06-26 | D27: Reel | E27: Check out our latest reel on youtube! | F27: 3557 | G27: 687 | H27: 424 | I27: 71140 | J27: 70701 | K27: 224 | L27: #EVRevolution | M27: #TeslaCoInnovation | N27: 1.0219233 | P27: =IF(AND(C27 >= 'Campaign Metadata'!B$2, C27 <= 'Campaign Metadata'!C$2), 'Campaign Metadata'!A$2, IF(AND(C27 >= 'Campaign Metadata'!B$3, C27 <= 'Campaign Metadata'!C$3), 'Campaign Metadata'!A$3, IF(AND(C27 >= 'Campaign Metadata'!B$4, C27 <= 'Campaign Metadata'!C$4), 'Campaign Metadata'!A$4, IF(AND(C27 >= 'Campaign Metadata'!B$5, C27 <= 'Campaign Metadata'!C$5), 'Campaign Metadata'!A$5, "No Campaign")))) -> CybertruckLaunch
A28: P200 | B28: Facebook | C28: 2025-04-07 | D28: Reel | E28: Check out our latest reel on facebook! | F28: 3718 | G28: 385 | H28: 310 | I28: 70642 | J28: 69749 | K28: 233 | L28: #TeslaCoInnovation | N28: 1.0227674 | P28: =IF(AND(C28 >= 'Campaign Metadata'!B$2, C28 <= 'Campaign Metadata'!C$2), 'Campaign Metadata'!A$2, IF(AND(C28 >= 'Campaign Metadata'!B$3, C28 <= 'Campaign Metadata'!C$3), 'Campaign Metadata'!A$3, IF(AND(C28 >= 'Campaign Metadata'!B$4, C28 <= 'Campaign Metadata'!C$4), 'Campaign Metadata'!A$4, IF(AND(C28 >= 'Campaign Metadata'!B$5, C28 <= 'Campaign Metadata'!C$5), 'Campaign Metadata'!A$5, "No Campaign")))) -> No Campaign
A29: P291 | B29: Facebook | C29: 2024-11-06 | D29: Video | E29: Check out our latest video on facebook! | F29: 4663 | G29: 145 | H29: 225 | I29: 69945 | J29: 69596 | K29: 35 | L29: #EVRevolution | N29: 1.0103311 | P29: =IF(AND(C29 >= 'Campaign Metadata'!B$2, C29 <= 'Campaign Metadata'!C$2), 'Campaign Metadata'!A$2, IF(AND(C29 >= 'Campaign Metadata'!B$3, C29 <= 'Campaign Metadata'!C$3), 'Campaign Metadata'!A$3, IF(AND(C29 >= 'Campaign Metadata'!B$4, C29 <= 'Campaign Metadata'!C$4), 'Campaign Metadata'!A$4, IF(AND(C29 >= 'Campaign Metadata'!B$5, C29 <= 'Campaign Metadata'!C$5), 'Campaign Metadata'!A$5, "No Campaign")))) -> No Campaign
A30: P090 | B30: Instagram | C30: 2024-06-03 | D30: Image | E30: Check out our latest image on instagram! | F30: 3861 | G30: 960 | H30: 101 | I30: 69498 | J30: 68817 | K30: 297 | L30: #TeslaCoInnovation | N30: 1.0253135 | P30: =IF(AND(C30 >= 'Campaign Metadata'!B$2, C30 <= 'Campaign Metadata'!C$2), 'Campaign Metadata'!A$2, IF(AND(C30 >= 'Campaign Metadata'!B$3, C30 <= 'Campaign Metadata'!C$3), 'Campaign Metadata'!A$3, IF(AND(C30 >= 'Campaign Metadata'!B$4, C30 <= 'Campaign Metadata'!C$4), 'Campaign Metadata'!A$4, IF(AND(C30 >= 'Campaign Metadata'!B$5, C30 <= 'Campaign Metadata'!C$5), 'Campaign Metadata'!A$5, "No Campaign")))) -> No Campaign
A31: P106 | B31: Instagram | C31: 2025-02-04 | D31: Image | E31: Check out our latest image on instagram! | F31: 4619 | G31: 821 | H31: 499 | I31: 69285 | J31: 69141 | K31: 298 | L31: #TeslaCoInnovation | N31: 1.0211741 | P31: =IF(AND(C31 >= 'Campaign Metadata'!B$2, C31 <= 'Campaign Metadata'!C$2), 'Campaign Metadata'!A$2, IF(AND(C31 >= 'Campaign Metadata'!B$3, C31 <= 'Campaign Metadata'!C$3), 'Campaign Metadata'!A$3, IF(AND(C31 >= 'Campaign Metadata'!B$4, C31 <= 'Campaign Metadata'!C$4), 'Campaign Metadata'!A$4, IF(AND(C31 >= 'Campaign Metadata'!B$5, C31 <= 'Campaign Metadata'!C$5), 'Campaign Metadata'!A$5, "No Campaign")))) -> No Campaign
A32: P250 | B32: Facebook | C32: 2024-06-22 | D32: Reel | E32: Check out our latest reel on facebook! | F32: 3813 | G32: 935 | H32: 274 | I32: 68634 | J32: 68488 | K32: 251 | L32: #FutureOfDriving | N32: 1.0197845 | P32: =IF(AND(C32 >= 'Campaign Metadata'!B$2, C32 <= 'Campaign Metadata'!C$2), 'Campaign Metadata'!A$2, IF(AND(C32 >= 'Campaign Metadata'!B$3, C32 <= 'Campaign Metadata'!C$3), 'Campaign Metadata'!A$3, IF(AND(C32 >= 'Campaign Metadata'!B$4, C32 <= 'Campaign Metadata'!C$4), 'Campaign Metadata'!A$4, IF(AND(C32 >= 'Campaign Metadata'!B$5, C32 <= 'Campaign Metadata'!C$5), 'Campaign Metadata'!A$5, "No Campaign")))) -> CybertruckLaunch
A33: P118 | B33: Facebook | C33: 2024-11-04 | D33: Image | E33: Check out our latest image on facebook! | F33: 4551 | G33: 714 | H33: 207 | I33: 68265 | J33: 67754 | K33: 57 | L33: #FutureOfDriving | N33: 1.0211353 | P33: =IF(AND(C33 >= 'Campaign Metadata'!B$2, C33 <= 'Campaign Metadata'!C$2), 'Campaign Metadata'!A$2, IF(AND(C33 >= 'Campaign Metadata'!B$3, C33 <= 'Campaign Metadata'!C$3), 'Campaign Metadata'!A$3, IF(AND(C33 >= 'Campaign Metadata'!B$4, C33 <= 'Campaign Metadata'!C$4), 'Campaign Metadata'!A$4, IF(AND(C33 >= 'Campaign Metadata'!B$5, C33 <= 'Campaign Metadata'!C$5), 'Campaign Metadata'!A$5, "No Campaign")))) -> No Campaign
A34: P170 | B34: Twitter | C34: 2025-04-28 | D34: Text | E34: Check out our latest text on twitter! | F34: 3577 | G34: 596 | H34: 493 | I34: 67963 | J34: 67839 | K34: 53 | L34: #TeslaCoInnovation | N34: 1.0178806 | P34: =IF(AND(C34 >= 'Campaign Metadata'!B$2, C34 <= 'Campaign Metadata'!C$2), 'Campaign Metadata'!A$2, IF(AND(C34 >= 'Campaign Metadata'!B$3, C34 <= 'Campaign Metadata'!C$3), 'Campaign Metadata'!A$3, IF(AND(C34 >= 'Campaign Metadata'!B$4, C34 <= 'Campaign Metadata'!C$4), 'Campaign Metadata'!A$4, IF(AND(C34 >= 'Campaign Metadata'!B$5, C34 <= 'Campaign Metadata'!C$5), 'Campaign Metadata'!A$5, "No Campaign")))) -> No Campaign
A35: P036 | B35: Instagram | C35: 2025-04-19 | D35: Story | E35: Check out our latest story on instagram! | F35: 4518 | G35: 285 | H35: 383 | I35: 67770 | J35: 67621 | K35: 31 | L35: #EVRevolution | N35: 1.012082 | P35: =IF(AND(C35 >= 'Campaign Metadata'!B$2, C35 <= 'Campaign Metadata'!C$2), 'Campaign Metadata'!A$2, IF(AND(C35 >= 'Campaign Metadata'!B$3, C35 <= 'Campaign Metadata'!C$3), 'Campaign Metadata'!A$3, IF(AND(C35 >= 'Campaign Metadata'!B$4, C35 <= 'Campaign Metadata'!C$4), 'Campaign Metadata'!A$4, IF(AND(C35 >= 'Campaign Metadata'!B$5, C35 <= 'Campaign Metadata'!C$5), 'Campaign Metadata'!A$5, "No Campaign")))) -> No Campaign
A36: P024 | B36: Facebook | C36: 2025-01-23 | D36: Video | E36: Check out our latest video on facebook! | F36: 3961 | G36: 761 | H36: 131 | I36: 67337 | J36: 66615 | K36: 161 | L36: #FutureOfDriving | N36: 1.0242288 | P36: =IF(AND(C36 >= 'Campaign Metadata'!B$2, C36 <= 'Campaign Metadata'!C$2), 'Campaign Metadata'!A$2, IF(AND(C36 >= 'Campaign Metadata'!B$3, C36 <= 'Campaign Metadata'!C$3), 'Campaign Metadata'!A$3, IF(AND(C36 >= 'Campaign Metadata'!B$4, C36 <= 'Campaign Metadata'!C$4), 'Campaign Metadata'!A$4, IF(AND(C36 >= 'Campaign Metadata'!B$5, C36 <= 'Campaign Metadata'!C$5), 'Campaign Metadata'!A$5, "No Campaign")))) -> No Campaign
A37: P267 | B37: Twitter | C37: 2024-10-04 | D37: Reel | E37: Check out our latest reel on twitter! | F37: 4187 | G37: 66 | H37: 31 | I37: 66992 | J37: 66614 | K37: 62 | L37: #FutureOfDriving | N37: 1.0071306 | P37: =IF(AND(C37 >= 'Campaign Metadata'!B$2, C37 <= 'Campaign Metadata'!C$2), 'Campaign Metadata'!A$2, IF(AND(C37 >= 'Campaign Metadata'!B$3, C37 <= 'Campaign Metadata'!C$3), 'Campaign Metadata'!A$3, IF(AND(C37 >= 'Campaign Metadata'!B$4, C37 <= 'Campaign Metadata'!C$4), 'Campaign Metadata'!A$4, IF(AND(C37 >= 'Campaign Metadata'!B$5, C37 <= 'Campaign Metadata'!C$5), 'Campaign Metadata'!A$5, "No Campaign")))) -> ModelYCampaign
A38: P099 | B38: Youtube | C38: 2024-07-02 | D38: Carousel | E38: Check out our latest carousel on youtube! | F38: 4171 | G38: 548 | H38: 86 | I38: 66736 | J38: 66634 | K38: 173 | L38: #FutureOfDriving | N38: 1.0110454 | P38: =IF(AND(C38 >= 'Campaign Metadata'!B$2, C38 <= 'Campaign Metadata'!C$2), 'Campaign Metadata'!A$2, IF(AND(C38 >= 'Campaign Metadata'!B$3, C38 <= 'Campaign Metadata'!C$3), 'Campaign Metadata'!A$3, IF(AND(C38 >= 'Campaign Metadata'!B$4, C38 <= 'Campaign Metadata'!C$4), 'Campaign Metadata'!A$4, IF(AND(C38 >= 'Campaign Metadata'!B$5, C38 <= 'Campaign Metadata'!C$5), 'Campaign Metadata'!A$5, "No Campaign")))) -> CybertruckLaunch
A39: P127 | B39: Facebook | C39: 2025-01-27 | D39: Reel | E39: Check out our latest reel on facebook! | F39: 3452 | G39: 652 | H39: 442 | I39: 65588 | J39: 65049 | K39: 158 | L39: #FutureOfDriving | N39: 1.0251042 | P39: =IF(AND(C39 >= 'Campaign Metadata'!B$2, C39 <= 'Campaign Metadata'!C$2), 'Campaign Metadata'!A$2, IF(AND(C39 >= 'Campaign Metadata'!B$3, C39 <= 'Campaign Metadata'!C$3), 'Campaign Metadata'!A$3, IF(AND(C39 >= 'Campaign Metadata'!B$4, C39 <= 'Campaign Metadata'!C$4), 'Campaign Metadata'!A$4, IF(AND(C39 >= 'Campaign Metadata'!B$5, C39 <= 'Campaign Metadata'!C$5), 'Campaign Metadata'!A$5, "No Campaign")))) -> No Campaign
A40: P002 | B40: Twitter | C40: 2025-04-03 | D40: Text | E40: Check out our latest text on twitter! | F40: 4054 | G40: 389 | H40: 493 | I40: 64864 | J40: 64383 | K40: 117 | L40: #TeslaCoInnovation | M40: #BetterWithTesla | N40: 1.0211702 | P40: =IF(AND(C40 >= 'Campaign Metadata'!B$2, C40 <= 'Campaign Metadata'!C$2), 'Campaign Metadata'!A$2, IF(AND(C40 >= 'Campaign Metadata'!B$3, C40 <= 'Campaign Metadata'!C$3), 'Campaign Metadata'!A$3, IF(AND(C40 >= 'Campaign Metadata'!B$4, C40 <= 'Campaign Metadata'!C$4), 'Campaign Metadata'!A$4, IF(AND(C40 >= 'Campaign Metadata'!B$5, C40 <= 'Campaign Metadata'!C$5), 'Campaign Metadata'!A$5, "No Campaign")))) -> No Campaign
A41: P179 | B41: Facebook | C41: 2024-07-15 | D41: Carousel | E41: Check out our latest carousel on facebook! | F41: 3796 | G41: 667 | H41: 395 | I41: 64532 | J41: 63550 | K41: 292 | L41: #TeslaCoInnovation | N41: 1.0321637 | P41: =IF(AND(C41 >= 'Campaign Metadata'!B$2, C41 <= 'Campaign Metadata'!C$2), 'Campaign Metadata'!A$2, IF(AND(C41 >= 'Campaign Metadata'!B$3, C41 <= 'Campaign Metadata'!C$3), 'Campaign Metadata'!A$3, IF(AND(C41 >= 'Campaign Metadata'!B$4, C41 <= 'Campaign Metadata'!C$4), 'Campaign Metadata'!A$4, IF(AND(C41 >= 'Campaign Metadata'!B$5, C41 <= 'Campaign Metadata'!C$5), 'Campaign Metadata'!A$5, "No Campaign")))) -> CybertruckLaunch
A42: P280 | B42: Youtube | C42: 2024-10-21 | D42: Video | E42: Check out our latest video on youtube! | F42: 4275 | G42: 680 | H42: 385 | I42: 64125 | J42: 63650 | K42: 104 | L42: #EVRevolution | M42: #TeslaCoInnovation | N42: 1.0241948 | P42: =IF(AND(C42 >= 'Campaign Metadata'!B$2, C42 <= 'Campaign Metadata'!C$2), 'Campaign Metadata'!A$2, IF(AND(C42 >= 'Campaign Metadata'!B$3, C42 <= 'Campaign Metadata'!C$3), 'Campaign Metadata'!A$3, IF(AND(C42 >= 'Campaign Metadata'!B$4, C42 <= 'Campaign Metadata'!C$4), 'Campaign Metadata'!A$4, IF(AND(C42 >= 'Campaign Metadata'!B$5, C42 <= 'Campaign Metadata'!C$5), 'Campaign Metadata'!A$5, "No Campaign")))) -> ModelYCampaign
A43: P283 | B43: Twitter | C43: 2025-05-09 | D43: Reel | E43: Check out our latest reel on twitter! | F43: 3367 | G43: 302 | H43: 57 | I43: 63973 | J43: 63789 | K43: 157 | L43: #FutureOfDriving | N43: 1.0085124 | P43: =IF(AND(C43 >= 'Campaign Metadata'!B$2, C43 <= 'Campaign Metadata'!C$2), 'Campaign Metadata'!A$2, IF(AND(C43 >= 'Campaign Metadata'!B$3, C43 <= 'Campaign Metadata'!C$3), 'Campaign Metadata'!A$3, IF(AND(C43 >= 'Campaign Metadata'!B$4, C43 <= 'Campaign Metadata'!C$4), 'Campaign Metadata'!A$4, IF(AND(C43 >= 'Campaign Metadata'!B$5, C43 <= 'Campaign Metadata'!C$5), 'Campaign Metadata'!A$5, "No Campaign")))) -> No Campaign
A44: P300 | B44: Twitter | C44: 2024-08-31 | D44: Carousel | E44: Check out our latest carousel on twitter! | F44: 4494 | G44: 717 | H44: 45 | I44: 62916 | J44: 62688 | K44: 191 | L44: #TeslaCoInnovation | M44: #EVRevolution | N44: 1.0157925 | P44: =IF(AND(C44 >= 'Campaign Metadata'!B$2, C44 <= 'Campaign Metadata'!C$2), 'Campaign Metadata'!A$2, IF(AND(C44 >= 'Campaign Metadata'!B$3, C44 <= 'Campaign Metadata'!C$3), 'Campaign Metadata'!A$3, IF(AND(C44 >= 'Campaign Metadata'!B$4, C44 <= 'Campaign Metadata'!C$4), 'Campaign Metadata'!A$4, IF(AND(C44 >= 'Campaign Metadata'!B$5, C44 <= 'Campaign Metadata'!C$5), 'Campaign Metadata'!A$5, "No Campaign")))) -> No Campaign
A45: P007 | B45: Twitter | C45: 2024-06-24 | D45: Carousel | E45: Check out our latest carousel on twitter! | F45: 3860 | G45: 201 | H45: 279 | I45: 61760 | J45: 61660 | K45: 235 | L45: #TeslaCoInnovation | N45: 1.0094064 | P45: =IF(AND(C45 >= 'Campaign Metadata'!B$2, C45 <= 'Campaign Metadata'!C$2), 'Campaign Metadata'!A$2, IF(AND(C45 >= 'Campaign Metadata'!B$3, C45 <= 'Campaign Metadata'!C$3), 'Campaign Metadata'!A$3, IF(AND(C45 >= 'Campaign Metadata'!B$4, C45 <= 'Campaign Metadata'!C$4), 'Campaign Metadata'!A$4, IF(AND(C45 >= 'Campaign Metadata'!B$5, C45 <= 'Campaign Metadata'!C$5), 'Campaign Metadata'!A$5, "No Campaign")))) -> CybertruckLaunch
A46: P097 | B46: Instagram | C46: 2024-08-13 | D46: Image | E46: Check out our latest image on instagram! | F46: 4739 | G46: 527 | H46: 135 | I46: 61607 | J46: 61333 | K46: 36 | L46: #TeslaCoInnovation | M46: #AnytimeIsTeslaTime | N46: 1.015261 | P46: =IF(AND(C46 >= 'Campaign Metadata'!B$2, C46 <= 'Campaign Metadata'!C$2), 'Campaign Metadata'!A$2, IF(AND(C46 >= 'Campaign Metadata'!B$3, C46 <= 'Campaign Metadata'!C$3), 'Campaign Metadata'!A$3, IF(AND(C46 >= 'Campaign Metadata'!B$4, C46 <= 'Campaign Metadata'!C$4), 'Campaign Metadata'!A$4, IF(AND(C46 >= 'Campaign Metadata'!B$5, C46 <= 'Campaign Metadata'!C$5), 'Campaign Metadata'!A$5, "No Campaign")))) -> No Campaign
A47: P194 | B47: Youtube | C47: 2024-10-02 | D47: Story | E47: Check out our latest story on youtube! | F47: 4350 | G47: 771 | H47: 7 | I47: 60900 | J47: 60592 | K47: 195 | L47: #EVRevolution | N47: 1.0179232 | P47: =IF(AND(C47 >= 'Campaign Metadata'!B$2, C47 <= 'Campaign Metadata'!C$2), 'Campaign Metadata'!A$2, IF(AND(C47 >= 'Campaign Metadata'!B$3, C47 <= 'Campaign Metadata'!C$3), 'Campaign Metadata'!A$3, IF(AND(C47 >= 'Campaign Metadata'!B$4, C47 <= 'Campaign Metadata'!C$4), 'Campaign Metadata'!A$4, IF(AND(C47 >= 'Campaign Metadata'!B$5, C47 <= 'Campaign Metadata'!C$5), 'Campaign Metadata'!A$5, "No Campaign")))) -> ModelYCampaign
A48: P260 | B48: Instagram | C48: 2025-02-12 | D48: Story | E48: Check out our latest story on instagram! | F48: 4332 | G48: 771 | H48: 219 | I48: 60648 | J48: 60397 | K48: 10 | L48: #TeslaCoInnovation | M48: #EVRevolution | N48: 1.0205474 | P48: =IF(AND(C48 >= 'Campaign Metadata'!B$2, C48 <= 'Campaign Metadata'!C$2), 'Campaign Metadata'!A$2, IF(AND(C48 >= 'Campaign Metadata'!B$3, C48 <= 'Campaign Metadata'!C$3), 'Campaign Metadata'!A$3, IF(AND(C48 >= 'Campaign Metadata'!B$4, C48 <= 'Campaign Metadata'!C$4), 'Campaign Metadata'!A$4, IF(AND(C48 >= 'Campaign Metadata'!B$5, C48 <= 'Campaign Metadata'!C$5), 'Campaign Metadata'!A$5, "No Campaign")))) -> No Campaign
A49: P039 | B49: Facebook | C49: 2024-11-25 | D49: Image | E49: Check out our latest image on facebook! | F49: 3564 | G49: 629 | H49: 177 | I49: 60588 | J49: 59627 | K49: 92 | L49: #TeslaCoInnovation | N49: 1.0296342 | P49: =IF(AND(C49 >= 'Campaign Metadata'!B$2, C49 <= 'Campaign Metadata'!C$2), 'Campaign Metadata'!A$2, IF(AND(C49 >= 'Campaign Metadata'!B$3, C49 <= 'Campaign Metadata'!C$3), 'Campaign Metadata'!A$3, IF(AND(C49 >= 'Campaign Metadata'!B$4, C49 <= 'Campaign Metadata'!C$4), 'Campaign Metadata'!A$4, IF(AND(C49 >= 'Campaign Metadata'!B$5, C49 <= 'Campaign Metadata'!C$5), 'Campaign Metadata'!A$5, "No Campaign")))) -> No Campaign
A50: P189 | B50: Facebook | C50: 2025-03-24 | D50: Reel | E50: Check out our latest reel on facebook! | F50: 3360 | G50: 525 | H50: 500 | I50: 60480 | J50: 59610 | K50: 192 | L50: #TeslaCoInnovation | N50: 1.03179 | P50: =IF(AND(C50 >= 'Campaign Metadata'!B$2, C50 <= 'Campaign Metadata'!C$2), 'Campaign Metadata'!A$2, IF(AND(C50 >= 'Campaign Metadata'!B$3, C50 <= 'Campaign Metadata'!C$3), 'Campaign Metadata'!A$3, IF(AND(C50 >= 'Campaign Metadata'!B$4, C50 <= 'Campaign Metadata'!C$4), 'Campaign Metadata'!A$4, IF(AND(C50 >= 'Campaign Metadata'!B$5, C50 <= 'Campaign Metadata'!C$5), 'Campaign Metadata'!A$5, "No Campaign")))) -> SustainabilityDrive
A51: P270 | B51: Youtube | C51: 2025-01-15 | D51: Reel | E51: Check out our latest reel on youtube! | F51: 3774 | G51: 239 | H51: 39 | I51: 60384 | J51: 59490 | K51: 241 | L51: #TeslaCoInnovation | N51: 1.0197008 | P51: =IF(AND(C51 >= 'Campaign Metadata'!B$2, C51 <= 'Campaign Metadata'!C$2), 'Campaign Metadata'!A$2, IF(AND(C51 >= 'Campaign Metadata'!B$3, C51 <= 'Campaign Metadata'!C$3), 'Campaign Metadata'!A$3, IF(AND(C51 >= 'Campaign Metadata'!B$4, C51 <= 'Campaign Metadata'!C$4), 'Campaign Metadata'!A$4, IF(AND(C51 >= 'Campaign Metadata'!B$5, C51 <= 'Campaign Metadata'!C$5), 'Campaign Metadata'!A$5, "No Campaign")))) -> No Campaign
A52: P223 | B52: Twitter | C52: 2024-11-12 | D52: Image | E52: Check out our latest image on twitter! | F52: 3338 | G52: 277 | H52: 118 | I52: 60084 | J52: 59842 | K52: 252 | L52: #TeslaCoInnovation | N52: 1.0106447 | P52: =IF(AND(C52 >= 'Campaign Metadata'!B$2, C52 <= 'Campaign Metadata'!C$2), 'Campaign Metadata'!A$2, IF(AND(C52 >= 'Campaign Metadata'!B$3, C52 <= 'Campaign Metadata'!C$3), 'Campaign Metadata'!A$3, IF(AND(C52 >= 'Campaign Metadata'!B$4, C52 <= 'Campaign Metadata'!C$4), 'Campaign Metadata'!A$4, IF(AND(C52 >= 'Campaign Metadata'!B$5, C52 <= 'Campaign Metadata'!C$5), 'Campaign Metadata'!A$5, "No Campaign")))) -> No Campaign
A53: P268 | B53: Instagram | C53: 2025-04-13 | D53: Reel | E53: Check out our latest reel on instagram! | F53: 4579 | G53: 125 | H53: 300 | I53: 59527 | J53: 59400 | K53: 269 | L53: #EVRevolution | N53: 1.0092929 | P53: =IF(AND(C53 >= 'Campaign Metadata'!B$2, C53 <= 'Campaign Metadata'!C$2), 'Campaign Metadata'!A$2, IF(AND(C53 >= 'Campaign Metadata'!B$3, C53 <= 'Campaign Metadata'!C$3), 'Campaign Metadata'!A$3, IF(AND(C53 >= 'Campaign Metadata'!B$4, C53 <= 'Campaign Metadata'!C$4), 'Campaign Metadata'!A$4, IF(AND(C53 >= 'Campaign Metadata'!B$5, C53 <= 'Campaign Metadata'!C$5), 'Campaign Metadata'!A$5, "No Campaign")))) -> No Campaign
A54: P025 | B54: Twitter | C54: 2025-04-10 | D54: Carousel | E54: Check out our latest carousel on twitter! | F54: 3128 | G54: 211 | H54: 197 | I54: 59432 | J54: 59182 | K54: 238 | L54: #EVRevolution | N54: 1.0111182 | P54: =IF(AND(C54 >= 'Campaign Metadata'!B$2, C54 <= 'Campaign Metadata'!C$2), 'Campaign Metadata'!A$2, IF(AND(C54 >= 'Campaign Metadata'!B$3, C54 <= 'Campaign Metadata'!C$3), 'Campaign Metadata'!A$3, IF(AND(C54 >= 'Campaign Metadata'!B$4, C54 <= 'Campaign Metadata'!C$4), 'Campaign Metadata'!A$4, IF(AND(C54 >= 'Campaign Metadata'!B$5, C54 <= 'Campaign Metadata'!C$5), 'Campaign Metadata'!A$5, "No Campaign")))) -> No Campaign
A55: P296 | B55: Twitter | C55: 2025-02-11 | D55: Video | E55: Check out our latest video on twitter! | F55: 3440 | G55: 13 | H55: 20 | I55: 58480 | J55: 58146 | K55: 210 | L55: #TeslaCoInnovation | M55: #SmoothLikeNitroTesla | N55: 1.0063117 | P55: =IF(AND(C55 >= 'Campaign Metadata'!B$2, C55 <= 'Campaign Metadata'!C$2), 'Campaign Metadata'!A$2, IF(AND(C55 >= 'Campaign Metadata'!B$3, C55 <= 'Campaign Metadata'!C$3), 'Campaign Metadata'!A$3, IF(AND(C55 >= 'Campaign Metadata'!B$4, C55 <= 'Campaign Metadata'!C$4), 'Campaign Metadata'!A$4, IF(AND(C55 >= 'Campaign Metadata'!B$5, C55 <= 'Campaign Metadata'!C$5), 'Campaign Metadata'!A$5, "No Campaign")))) -> No Campaign
A56: P086 | B56: Youtube | C56: 2025-01-27 | D56: Text | E56: Check out our latest text on youtube! | F56: 3428 | G56: 305 | H56: 85 | I56: 58276 | J56: 58052 | K56: 242 | L56: #EVRevolution | M56: #BetterWithTesla | N56: 1.0105767 | P56: =IF(AND(C56 >= 'Campaign Metadata'!B$2, C56 <= 'Campaign Metadata'!C$2), 'Campaign Metadata'!A$2, IF(AND(C56 >= 'Campaign Metadata'!B$3, C56 <= 'Campaign Metadata'!C$3), 'Campaign Metadata'!A$3, IF(AND(C56 >= 'Campaign Metadata'!B$4, C56 <= 'Campaign Metadata'!C$4), 'Campaign Metadata'!A$4, IF(AND(C56 >= 'Campaign Metadata'!B$5, C56 <= 'Campaign Metadata'!C$5), 'Campaign Metadata'!A$5, "No Campaign")))) -> No Campaign
A57: P095 | B57: Instagram | C57: 2024-11-08 | D57: Text | E57: Check out our latest text on instagram! | F57: 3182 | G57: 559 | H57: 160 | I57: 57276 | J57: 56890 | K57: 163 | L57: #FutureOfDriving | N57: 1.0194234 | P57: =IF(AND(C57 >= 'Campaign Metadata'!B$2, C57 <= 'Campaign Metadata'!C$2), 'Campaign Metadata'!A$2, IF(AND(C57 >= 'Campaign Metadata'!B$3, C57 <= 'Campaign Metadata'!C$3), 'Campaign Metadata'!A$3, IF(AND(C57 >= 'Campaign Metadata'!B$4, C57 <= 'Campaign Metadata'!C$4), 'Campaign Metadata'!A$4, IF(AND(C57 >= 'Campaign Metadata'!B$5, C57 <= 'Campaign Metadata'!C$5), 'Campaign Metadata'!A$5, "No Campaign")))) -> No Campaign
A58: P167 | B58: Instagram | C58: 2024-11-28 | D58: Text | E58: Check out our latest text on instagram! | F58: 4771 | G58: 818 | H58: 56 | I58: 57252 | J58: 56378 | K58: 150 | L58: #FutureOfDriving | N58: 1.031005 | P58: =IF(AND(C58 >= 'Campaign Metadata'!B$2, C58 <= 'Campaign Metadata'!C$2), 'Campaign Metadata'!A$2, IF(AND(C58 >= 'Campaign Metadata'!B$3, C58 <= 'Campaign Metadata'!C$3), 'Campaign Metadata'!A$3, IF(AND(C58 >= 'Campaign Metadata'!B$4, C58 <= 'Campaign Metadata'!C$4), 'Campaign Metadata'!A$4, IF(AND(C58 >= 'Campaign Metadata'!B$5, C58 <= 'Campaign Metadata'!C$5), 'Campaign Metadata'!A$5, "No Campaign")))) -> No Campaign
A59: P281 | B59: Youtube | C59: 2025-03-22 | D59: Image | E59: Check out our latest image on youtube! | F59: 3166 | G59: 90 | H59: 341 | I59: 56988 | J59: 56125 | K59: 135 | L59: #EVRevolution | N59: 1.0230557 | P59: =IF(AND(C59 >= 'Campaign Metadata'!B$2, C59 <= 'Campaign Metadata'!C$2), 'Campaign Metadata'!A$2, IF(AND(C59 >= 'Campaign Metadata'!B$3, C59 <= 'Campaign Metadata'!C$3), 'Campaign Metadata'!A$3, IF(AND(C59 >= 'Campaign Metadata'!B$4, C59 <= 'Campaign Metadata'!C$4), 'Campaign Metadata'!A$4, IF(AND(C59 >= 'Campaign Metadata'!B$5, C59 <= 'Campaign Metadata'!C$5), 'Campaign Metadata'!A$5, "No Campaign")))) -> SustainabilityDrive
A60: P009 | B60: Facebook | C60: 2024-08-30 | D60: Text | E60: Check out our latest text on facebook! | F60: 3784 | G60: 808 | H60: 404 | I60: 56760 | J60: 56343 | K60: 131 | L60: #TeslaCoInnovation | N60: 1.0289122 | P60: =IF(AND(C60 >= 'Campaign Metadata'!B$2, C60 <= 'Campaign Metadata'!C$2), 'Campaign Metadata'!A$2, IF(AND(C60 >= 'Campaign Metadata'!B$3, C60 <= 'Campaign Metadata'!C$3), 'Campaign Metadata'!A$3, IF(AND(C60 >= 'Campaign Metadata'!B$4, C60 <= 'Campaign Metadata'!C$4), 'Campaign Metadata'!A$4, IF(AND(C60 >= 'Campaign Metadata'!B$5, C60 <= 'Campaign Metadata'!C$5), 'Campaign Metadata'!A$5, "No Campaign")))) -> No Campaign
A61: P134 | B61: Twitter | C61: 2025-04-24 | D61: Reel | E61: Check out our latest reel on twitter! | F61: 3731 | G61: 115 | H61: 135 | I61: 55965 | J61: 55436 | K61: 103 | L61: #TeslaCoInnovation | N61: 1.0140522 | P61: =IF(AND(C61 >= 'Campaign Metadata'!B$2, C61 <= 'Campaign Metadata'!C$2), 'Campaign Metadata'!A$2, IF(AND(C61 >= 'Campaign Metadata'!B$3, C61 <= 'Campaign Metadata'!C$3), 'Campaign Metadata'!A$3, IF(AND(C61 >= 'Campaign Metadata'!B$4, C61 <= 'Campaign Metadata'!C$4), 'Campaign Metadata'!A$4, IF(AND(C61 >= 'Campaign Metadata'!B$5, C61 <= 'Campaign Metadata'!C$5), 'Campaign Metadata'!A$5, "No Campaign")))) -> No Campaign
A62: P186 | B62: Facebook | C62: 2024-08-24 | D62: Carousel | E62: Check out our latest carousel on facebook! | F62: 4292 | G62: 51 | H62: 392 | I62: 55796 | J62: 54826 | K62: 264 | L62: #EVRevolution | N62: 1.0257724 | P62: =IF(AND(C62 >= 'Campaign Metadata'!B$2, C62 <= 'Campaign Metadata'!C$2), 'Campaign Metadata'!A$2, IF(AND(C62 >= 'Campaign Metadata'!B$3, C62 <= 'Campaign Metadata'!C$3), 'Campaign Metadata'!A$3, IF(AND(C62 >= 'Campaign Metadata'!B$4, C62 <= 'Campaign Metadata'!C$4), 'Campaign Metadata'!A$4, IF(AND(C62 >= 'Campaign Metadata'!B$5, C62 <= 'Campaign Metadata'!C$5), 'Campaign Metadata'!A$5, "No Campaign")))) -> No Campaign
A63: P030 | B63: Instagram | C63: 2025-02-25 | D63: Video | E63: Check out our latest video on instagram! | F63: 3095 | G63: 39 | H63: 78 | I63: 55710 | J63: 54808 | K63: 93 | L63: #EVRevolution | N63: 1.0185922 | P63: =IF(AND(C63 >= 'Campaign Metadata'!B$2, C63 <= 'Campaign Metadata'!C$2), 'Campaign Metadata'!A$2, IF(AND(C63 >= 'Campaign Metadata'!B$3, C63 <= 'Campaign Metadata'!C$3), 'Campaign Metadata'!A$3, IF(AND(C63 >= 'Campaign Metadata'!B$4, C63 <= 'Campaign Metadata'!C$4), 'Campaign Metadata'!A$4, IF(AND(C63 >= 'Campaign Metadata'!B$5, C63 <= 'Campaign Metadata'!C$5), 'Campaign Metadata'!A$5, "No Campaign")))) -> No Campaign
A64: P191 | B64: Youtube | C64: 2024-12-03 | D64: Story | E64: Check out our latest story on youtube! | F64: 4285 | G64: 886 | H64: 376 | I64: 55705 | J64: 55556 | K64: 51 | L64: #FutureOfDriving | N64: 1.0253978 | P64: =IF(AND(C64 >= 'Campaign Metadata'!B$2, C64 <= 'Campaign Metadata'!C$2), 'Campaign Metadata'!A$2, IF(AND(C64 >= 'Campaign Metadata'!B$3, C64 <= 'Campaign Metadata'!C$3), 'Campaign Metadata'!A$3, IF(AND(C64 >= 'Campaign Metadata'!B$4, C64 <= 'Campaign Metadata'!C$4), 'Campaign Metadata'!A$4, IF(AND(C64 >= 'Campaign Metadata'!B$5, C64 <= 'Campaign Metadata'!C$5), 'Campaign Metadata'!A$5, "No Campaign")))) -> No Campaign
A65: P016 | B65: Facebook | C65: 2024-08-26 | D65: Text | E65: Check out our latest text on facebook! | F65: 3452 | G65: 377 | H65: 360 | I65: 55232 | J65: 55075 | K65: 87 | L65: #FutureOfDriving | N65: 1.0162324 | P65: =IF(AND(C65 >= 'Campaign Metadata'!B$2, C65 <= 'Campaign Metadata'!C$2), 'Campaign Metadata'!A$2, IF(AND(C65 >= 'Campaign Metadata'!B$3, C65 <= 'Campaign Metadata'!C$3), 'Campaign Metadata'!A$3, IF(AND(C65 >= 'Campaign Metadata'!B$4, C65 <= 'Campaign Metadata'!C$4), 'Campaign Metadata'!A$4, IF(AND(C65 >= 'Campaign Metadata'!B$5, C65 <= 'Campaign Metadata'!C$5), 'Campaign Metadata'!A$5, "No Campaign")))) -> No Campaign
A66: P122 | B66: Instagram | C66: 2024-10-02 | D66: Text | E66: Check out our latest text on instagram! | F66: 3432 | G66: 869 | H66: 123 | I66: 54912 | J66: 53916 | K66: 264 | L66: #EVRevolution | N66: 1.0368722 | P66: =IF(AND(C66 >= 'Campaign Metadata'!B$2, C66 <= 'Campaign Metadata'!C$2), 'Campaign Metadata'!A$2, IF(AND(C66 >= 'Campaign Metadata'!B$3, C66 <= 'Campaign Metadata'!C$3), 'Campaign Metadata'!A$3, IF(AND(C66 >= 'Campaign Metadata'!B$4, C66 <= 'Campaign Metadata'!C$4), 'Campaign Metadata'!A$4, IF(AND(C66 >= 'Campaign Metadata'!B$5, C66 <= 'Campaign Metadata'!C$5), 'Campaign Metadata'!A$5, "No Campaign")))) -> ModelYCampaign
A67: P193 | B67: Twitter | C67: 2024-09-11 | D67: Image | E67: Check out our latest image on twitter! | F67: 4858 | G67: 317 | H67: 129 | I67: 53438 | J67: 52687 | K67: 223 | L67: #EVRevolution | N67: 1.0227191 | P67: =IF(AND(C67 >= 'Campaign Metadata'!B$2, C67 <= 'Campaign Metadata'!C$2), 'Campaign Metadata'!A$2, IF(AND(C67 >= 'Campaign Metadata'!B$3, C67 <= 'Campaign Metadata'!C$3), 'Campaign Metadata'!A$3, IF(AND(C67 >= 'Campaign Metadata'!B$4, C67 <= 'Campaign Metadata'!C$4), 'Campaign Metadata'!A$4, IF(AND(C67 >= 'Campaign Metadata'!B$5, C67 <= 'Campaign Metadata'!C$5), 'Campaign Metadata'!A$5, "No Campaign")))) -> No Campaign
A68: P017 | B68: Facebook | C68: 2025-05-05 | D68: Text | E68: Check out our latest text on facebook! | F68: 4441 | G68: 511 | H68: 70 | I68: 53292 | J68: 53082 | K68: 159 | L68: #EVRevolution | N68: 1.0149015 | P68: =IF(AND(C68 >= 'Campaign Metadata'!B$2, C68 <= 'Campaign Metadata'!C$2), 'Campaign Metadata'!A$2, IF(AND(C68 >= 'Campaign Metadata'!B$3, C68 <= 'Campaign Metadata'!C$3), 'Campaign Metadata'!A$3, IF(AND(C68 >= 'Campaign Metadata'!B$4, C68 <= 'Campaign Metadata'!C$4), 'Campaign Metadata'!A$4, IF(AND(C68 >= 'Campaign Metadata'!B$5, C68 <= 'Campaign Metadata'!C$5), 'Campaign Metadata'!A$5, "No Campaign")))) -> No Campaign
... A81: P278 | B81: Twitter | C81: 2024-11-26 | D81: Text | E81: Check out our latest text on twitter! | F81: 4516 | G81: 836 | H81: 169 | I81: 49676 | J81: 49257 | K81: 282 | L81: #EVRevolution | N81: 1.0289096 | P81: =IF(AND(C81 >= 'Campaign Metadata'!B$2, C81 <= 'Campaign Metadata'!C$2), 'Campaign Metadata'!A$2, IF(AND(C81 >= 'Campaign Metadata'!B$3, C81 <= 'Campaign Metadata'!C$3), 'Campaign Metadata'!A$3, IF(AND(C81 >= 'Campaign Metadata'!B$4, C81 <= 'Campaign Metadata'!C$4), 'Campaign Metadata'!A$4, IF(AND(C81 >= 'Campaign Metadata'!B$5, C81 <= 'Campaign Metadata'!C$5), 'Campaign Metadata'!A$5, "No Campaign")))) -> No Campaign
A82: P257 | B82: Facebook | C82: 2025-04-06 | D82: Image | E82: Check out our latest image on facebook! | F82: 3090 | G82: 697 | H82: 164 | I82: 49440 | J82: 48524 | K82: 25 | L82: #EVRevolution | M82: #EVRevolution | N82: 1.0366211 | P82: =IF(AND(C82 >= 'Campaign Metadata'!B$2, C82 <= 'Campaign Metadata'!C$2), 'Campaign Metadata'!A$2, IF(AND(C82 >= 'Campaign Metadata'!B$3, C82 <= 'Campaign Metadata'!C$3), 'Campaign Metadata'!A$3, IF(AND(C82 >= 'Campaign Metadata'!B$4, C82 <= 'Campaign Metadata'!C$4), 'Campaign Metadata'!A$4, IF(AND(C82 >= 'Campaign Metadata'!B$5, C82 <= 'Campaign Metadata'!C$5), 'Campaign Metadata'!A$5, "No Campaign")))) -> No Campaign
A83: P180 | B83: Youtube | C83: 2024-12-03 | D83: Text | E83: Check out our latest text on youtube! | F83: 3711 | G83: 352 | H83: 290 | I83: 48243 | J83: 47579 | K83: 11 | L83: #TeslaCoInnovation | N83: 1.0274491 | P83: =IF(AND(C83 >= 'Campaign Metadata'!B$2, C83 <= 'Campaign Metadata'!C$2), 'Campaign Metadata'!A$2, IF(AND(C83 >= 'Campaign Metadata'!B$3, C83 <= 'Campaign Metadata'!C$3), 'Campaign Metadata'!A$3, IF(AND(C83 >= 'Campaign Metadata'!B$4, C83 <= 'Campaign Metadata'!C$4), 'Campaign Metadata'!A$4, IF(AND(C83 >= 'Campaign Metadata'!B$5, C83 <= 'Campaign Metadata'!C$5), 'Campaign Metadata'!A$5, "No Campaign")))) -> No Campaign
A84: P162 | B84: Facebook | C84: 2025-04-01 | D84: Story | E84: Check out our latest story on facebook! | F84: 3430 | G84: 566 | H84: 164 | I84: 48020 | J84: 47305 | K84: 120 | L84: #FutureOfDriving | N84: 1.0305465 | P84: =IF(AND(C84 >= 'Campaign Metadata'!B$2, C84 <= 'Campaign Metadata'!C$2), 'Campaign Metadata'!A$2, IF(AND(C84 >= 'Campaign Metadata'!B$3, C84 <= 'Campaign Metadata'!C$3), 'Campaign Metadata'!A$3, IF(AND(C84 >= 'Campaign Metadata'!B$4, C84 <= 'Campaign Metadata'!C$4), 'Campaign Metadata'!A$4, IF(AND(C84 >= 'Campaign Metadata'!B$5, C84 <= 'Campaign Metadata'!C$5), 'Campaign Metadata'!A$5, "No Campaign")))) -> No Campaign
A85: P157 | B85: Youtube | C85: 2024-07-23 | D85: Story | E85: Check out our latest story on youtube! | F85: 4775 | G85: 173 | H85: 206 | I85: 47750 | J85: 47544 | K85: 187 | L85: #FutureOfDriving | N85: 1.0123044 | P85: =IF(AND(C85 >= 'Campaign Metadata'!B$2, C85 <= 'Campaign Metadata'!C$2), 'Campaign Metadata'!A$2, IF(AND(C85 >= 'Campaign Metadata'!B$3, C85 <= 'Campaign Metadata'!C$3), 'Campaign Metadata'!A$3, IF(AND(C85 >= 'Campaign Metadata'!B$4, C85 <= 'Campaign Metadata'!C$4), 'Campaign Metadata'!A$4, IF(AND(C85 >= 'Campaign Metadata'!B$5, C85 <= 'Campaign Metadata'!C$5), 'Campaign Metadata'!A$5, "No Campaign")))) -> No Campaign
A86: P205 | B86: Twitter | C86: 2025-04-24 | D86: Video | E86: Check out our latest video on twitter! | F86: 3820 | G86: 697 | H86: 268 | I86: 45840 | J86: 45631 | K86: 171 | L86: #TeslaCoInnovation | M86: #SmoothLikeNitroTesla | N86: 1.0257281 | P86: =IF(AND(C86 >= 'Campaign Metadata'!B$2, C86 <= 'Campaign Metadata'!C$2), 'Campaign Metadata'!A$2, IF(AND(C86 >= 'Campaign Metadata'!B$3, C86 <= 'Campaign Metadata'!C$3), 'Campaign Metadata'!A$3, IF(AND(C86 >= 'Campaign Metadata'!B$4, C86 <= 'Campaign Metadata'!C$4), 'Campaign Metadata'!A$4, IF(AND(C86 >= 'Campaign Metadata'!B$5, C86 <= 'Campaign Metadata'!C$5), 'Campaign Metadata'!A$5, "No Campaign")))) -> No Campaign
A87: P213 | B87: Facebook | C87: 2025-05-01 | D87: Carousel | E87: Check out our latest carousel on facebook! | F87: 2696 | G87: 628 | H87: 443 | I87: 45832 | J87: 45632 | K87: 248 | L87: #EVRevolution | N87: 1.0278533 | P87: =IF(AND(C87 >= 'Campaign Metadata'!B$2, C87 <= 'Campaign Metadata'!C$2), 'Campaign Metadata'!A$2, IF(AND(C87 >= 'Campaign Metadata'!B$3, C87 <= 'Campaign Metadata'!C$3), 'Campaign Metadata'!A$3, IF(AND(C87 >= 'Campaign Metadata'!B$4, C87 <= 'Campaign Metadata'!C$4), 'Campaign Metadata'!A$4, IF(AND(C87 >= 'Campaign Metadata'!B$5, C87 <= 'Campaign Metadata'!C$5), 'Campaign Metadata'!A$5, "No Campaign")))) -> No Campaign
A88: P126 | B88: Instagram | C88: 2025-03-28 | D88: Carousel | E88: Check out our latest carousel on instagram! | F88: 4158 | G88: 167 | H88: 241 | I88: 45738 | J88: 45183 | K88: 142 | L88: #FutureOfDriving | N88: 1.0213133 | P88: =IF(AND(C88 >= 'Campaign Metadata'!B$2, C88 <= 'Campaign Metadata'!C$2), 'Campaign Metadata'!A$2, IF(AND(C88 >= 'Campaign Metadata'!B$3, C88 <= 'Campaign Metadata'!C$3), 'Campaign Metadata'!A$3, IF(AND(C88 >= 'Campaign Metadata'!B$4, C88 <= 'Campaign Metadata'!C$4), 'Campaign Metadata'!A$4, IF(AND(C88 >= 'Campaign Metadata'!B$5, C88 <= 'Campaign Metadata'!C$5), 'Campaign Metadata'!A$5, "No Campaign")))) -> SustainabilityDrive
A89: P057 | B89: Twitter | C89: 2024-10-21 | D89: Video | E89: Check out our latest video on twitter! | F89: 2825 | G89: 535 | H89: 295 | I89: 45200 | J89: 44739 | K89: 169 | L89: #TeslaCoInnovation | N89: 1.0288563 | P89: =IF(AND(C89 >= 'Campaign Metadata'!B$2, C89 <= 'Campaign Metadata'!C$2), 'Campaign Metadata'!A$2, IF(AND(C89 >= 'Campaign Metadata'!B$3, C89 <= 'Campaign Metadata'!C$3), 'Campaign Metadata'!A$3, IF(AND(C89 >= 'Campaign Metadata'!B$4, C89 <= 'Campaign Metadata'!C$4), 'Campaign Metadata'!A$4, IF(AND(C89 >= 'Campaign Metadata'!B$5, C89 <= 'Campaign Metadata'!C$5), 'Campaign Metadata'!A$5, "No Campaign")))) -> ModelYCampaign
A90: P209 | B90: Twitter | C90: 2025-03-19 | D90: Video | E90: Check out our latest video on twitter! | F90: 3160 | G90: 204 | H90: 297 | I90: 44240 | J90: 43666 | K90: 49 | L90: #FutureOfDriving | M90: #AnytimeIsTeslaTime | N90: 1.0246187 | P90: =IF(AND(C90 >= 'Campaign Metadata'!B$2, C90 <= 'Campaign Metadata'!C$2), 'Campaign Metadata'!A$2, IF(AND(C90 >= 'Campaign Metadata'!B$3, C90 <= 'Campaign Metadata'!C$3), 'Campaign Metadata'!A$3, IF(AND(C90 >= 'Campaign Metadata'!B$4, C90 <= 'Campaign Metadata'!C$4), 'Campaign Metadata'!A$4, IF(AND(C90 >= 'Campaign Metadata'!B$5, C90 <= 'Campaign Metadata'!C$5), 'Campaign Metadata'!A$5, "No Campaign")))) -> SustainabilityDrive
A91: P208 | B91: Youtube | C91: 2024-06-24 | D91: Video | E91: Check out our latest video on youtube! | F91: 2949 | G91: 476 | H91: 403 | I91: 44235 | J91: 43705 | K91: 135 | L91: #TeslaCoInnovation | N91: 1.0322389 | P91: =IF(AND(C91 >= 'Campaign Metadata'!B$2, C91 <= 'Campaign Metadata'!C$2), 'Campaign Metadata'!A$2, IF(AND(C91 >= 'Campaign Metadata'!B$3, C91 <= 'Campaign Metadata'!C$3), 'Campaign Metadata'!A$3, IF(AND(C91 >= 'Campaign Metadata'!B$4, C91 <= 'Campaign Metadata'!C$4), 'Campaign Metadata'!A$4, IF(AND(C91 >= 'Campaign Metadata'!B$5, C91 <= 'Campaign Metadata'!C$5), 'Campaign Metadata'!A$5, "No Campaign")))) -> CybertruckLaunch
A92: P113 | B92: Twitter | C92: 2024-10-02 | D92: Carousel | E92: Check out our latest carousel on twitter! | F92: 4419 | G92: 236 | H92: 369 | I92: 44190 | J92: 43582 | K92: 10 | L92: #EVRevolution | N92: 1.0278326 | P92: =IF(AND(C92 >= 'Campaign Metadata'!B$2, C92 <= 'Campaign Metadata'!C$2), 'Campaign Metadata'!A$2, IF(AND(C92 >= 'Campaign Metadata'!B$3, C92 <= 'Campaign Metadata'!C$3), 'Campaign Metadata'!A$3, IF(AND(C92 >= 'Campaign Metadata'!B$4, C92 <= 'Campaign Metadata'!C$4), 'Campaign Metadata'!A$4, IF(AND(C92 >= 'Campaign Metadata'!B$5, C92 <= 'Campaign Metadata'!C$5), 'Campaign Metadata'!A$5, "No Campaign")))) -> ModelYCampaign
A93: P289 | B93: Facebook | C93: 2024-11-28 | D93: Carousel | E93: Check out our latest carousel on facebook! | F93: 2751 | G93: 33 | H93: 430 | I93: 44016 | J93: 43415 | K93: 129 | L93: #FutureOfDriving | N93: 1.0245077 | P93: =IF(AND(C93 >= 'Campaign Metadata'!B$2, C93 <= 'Campaign Metadata'!C$2), 'Campaign Metadata'!A$2, IF(AND(C93 >= 'Campaign Metadata'!B$3, C93 <= 'Campaign Metadata'!C$3), 'Campaign Metadata'!A$3, IF(AND(C93 >= 'Campaign Metadata'!B$4, C93 <= 'Campaign Metadata'!C$4), 'Campaign Metadata'!A$4, IF(AND(C93 >= 'Campaign Metadata'!B$5, C93 <= 'Campaign Metadata'!C$5), 'Campaign Metadata'!A$5, "No Campaign")))) -> No Campaign
A94: P061 | B94: Twitter | C94: 2024-09-05 | D94: Video | E94: Check out our latest video on twitter! | F94: 4886 | G94: 983 | H94: 409 | I94: 43974 | J94: 43239 | K94: 65 | L94: #TeslaCoInnovation | N94: 1.0491917 | P94: =IF(AND(C94 >= 'Campaign Metadata'!B$2, C94 <= 'Campaign Metadata'!C$2), 'Campaign Metadata'!A$2, IF(AND(C94 >= 'Campaign Metadata'!B$3, C94 <= 'Campaign Metadata'!C$3), 'Campaign Metadata'!A$3, IF(AND(C94 >= 'Campaign Metadata'!B$4, C94 <= 'Campaign Metadata'!C$4), 'Campaign Metadata'!A$4, IF(AND(C94 >= 'Campaign Metadata'!B$5, C94 <= 'Campaign Metadata'!C$5), 'Campaign Metadata'!A$5, "No Campaign")))) -> No Campaign
A95: P156 | B95: Facebook | C95: 2024-10-22 | D95: Carousel | E95: Check out our latest carousel on facebook! | F95: 3352 | G95: 941 | H95: 482 | I95: 43576 | J95: 43338 | K95: 240 | L95: #FutureOfDriving | N95: 1.0383266 | P95: =IF(AND(C95 >= 'Campaign Metadata'!B$2, C95 <= 'Campaign Metadata'!C$2), 'Campaign Metadata'!A$2, IF(AND(C95 >= 'Campaign Metadata'!B$3, C95 <= 'Campaign Metadata'!C$3), 'Campaign Metadata'!A$3, IF(AND(C95 >= 'Campaign Metadata'!B$4, C95 <= 'Campaign Metadata'!C$4), 'Campaign Metadata'!A$4, IF(AND(C95 >= 'Campaign Metadata'!B$5, C95 <= 'Campaign Metadata'!C$5), 'Campaign Metadata'!A$5, "No Campaign")))) -> ModelYCampaign
A96: P131 | B96: Instagram | C96: 2024-10-21 | D96: Reel | E96: Check out our latest reel on instagram! | F96: 4840 | G96: 658 | H96: 211 | I96: 43560 | J96: 43225 | K96: 57 | L96: #FutureOfDriving | N96: 1.0278543 | P96: =IF(AND(C96 >= 'Campaign Metadata'!B$2, C96 <= 'Campaign Metadata'!C$2), 'Campaign Metadata'!A$2, IF(AND(C96 >= 'Campaign Metadata'!B$3, C96 <= 'Campaign Metadata'!C$3), 'Campaign Metadata'!A$3, IF(AND(C96 >= 'Campaign Metadata'!B$4, C96 <= 'Campaign Metadata'!C$4), 'Campaign Metadata'!A$4, IF(AND(C96 >= 'Campaign Metadata'!B$5, C96 <= 'Campaign Metadata'!C$5), 'Campaign Metadata'!A$5, "No Campaign")))) -> ModelYCampaign
A97: P168 | B97: Facebook | C97: 2024-11-12 | D97: Text | E97: Check out our latest text on facebook! | F97: 2418 | G97: 754 | H97: 54 | I97: 43524 | J97: 42743 | K97: 182 | L97: #EVRevolution | N97: 1.0371757 | P97: =IF(AND(C97 >= 'Campaign Metadata'!B$2, C97 <= 'Campaign Metadata'!C$2), 'Campaign Metadata'!A$2, IF(AND(C97 >= 'Campaign Metadata'!B$3, C97 <= 'Campaign Metadata'!C$3), 'Campaign Metadata'!A$3, IF(AND(C97 >= 'Campaign Metadata'!B$4, C97 <= 'Campaign Metadata'!C$4), 'Campaign Metadata'!A$4, IF(AND(C97 >= 'Campaign Metadata'!B$5, C97 <= 'Campaign Metadata'!C$5), 'Campaign Metadata'!A$5, "No Campaign")))) -> No Campaign
A98: P177 | B98: Instagram | C98: 2024-07-10 | D98: Carousel | E98: Check out our latest carousel on instagram! | F98: 3099 | G98: 694 | H98: 171 | I98: 43386 | J98: 42921 | K98: 52 | L98: #TeslaCoInnovation | N98: 1.0309872 | P98: =IF(AND(C98 >= 'Campaign Metadata'!B$2, C98 <= 'Campaign Metadata'!C$2), 'Campaign Metadata'!A$2, IF(AND(C98 >= 'Campaign Metadata'!B$3, C98 <= 'Campaign Metadata'!C$3), 'Campaign Metadata'!A$3, IF(AND(C98 >= 'Campaign Metadata'!B$4, C98 <= 'Campaign Metadata'!C$4), 'Campaign Metadata'!A$4, IF(AND(C98 >= 'Campaign Metadata'!B$5, C98 <= 'Campaign Metadata'!C$5), 'Campaign Metadata'!A$5, "No Campaign")))) -> CybertruckLaunch
A99: P008 | B99: Youtube | C99: 2024-07-13 | D99: Image | E99: Check out our latest image on youtube! | F99: 3929 | G99: 262 | H99: 278 | I99: 43219 | J99: 42841 | K99: 39 | L99: #EVRevolution | N99: 1.0214281 | P99: =IF(AND(C99 >= 'Campaign Metadata'!B$2, C99 <= 'Campaign Metadata'!C$2), 'Campaign Metadata'!A$2, IF(AND(C99 >= 'Campaign Metadata'!B$3, C99 <= 'Campaign Metadata'!C$3), 'Campaign Metadata'!A$3, IF(AND(C99 >= 'Campaign Metadata'!B$4, C99 <= 'Campaign Metadata'!C$4), 'Campaign Metadata'!A$4, IF(AND(C99 >= 'Campaign Metadata'!B$5, C99 <= 'Campaign Metadata'!C$5), 'Campaign Metadata'!A$5, "No Campaign")))) -> CybertruckLaunch
A100: P229 | B100: Instagram | C100: 2024-07-03 | D100: Carousel | E100: Check out our latest carousel on instagram! | F100: 4799 | G100: 694 | H100: 289 | I100: 43191 | J100: 42228 | K100: 118 | L100: #TeslaCoInnovation | N100: 1.0460832 | P100: =IF(AND(C100 >= 'Campaign Metadata'!B$2, C100 <= 'Campaign Metadata'!C$2), 'Campaign Metadata'!A$2, IF(AND(C100 >= 'Campaign Metadata'!B$3, C100 <= 'Campaign Metadata'!C$3), 'Campaign Metadata'!A$3, IF(AND(C100 >= 'Campaign Metadata'!B$4, C100 <= 'Campaign Metadata'!C$4), 'Campaign Metadata'!A$4, IF(AND(C100 >= 'Campaign Metadata'!B$5, C100 <= 'Campaign Metadata'!C$5), 'Campaign Metadata'!A$5, "No Campaign")))) -> CybertruckLaunch
A101: P064 | B101: Facebook | C101: 2024-08-17 | D101: Image | E101: Check out our latest image on facebook! | F101: 2878 | G101: 248 | H101: 416 | I101: 43170 | J101: 42667 | K101: 75 | L101: #FutureOfDriving | N101: 1.0273513 | P101: =IF(AND(C101 >= 'Campaign Metadata'!B$2, C101 <= 'Campaign Metadata'!C$2), 'Campaign Metadata'!A$2, IF(AND(C101 >= 'Campaign Metadata'!B$3, C101 <= 'Campaign Metadata'!C$3), 'Campaign Metadata'!A$3, IF(AND(C101 >= 'Campaign Metadata'!B$4, C101 <= 'Campaign Metadata'!C$4), 'Campaign Metadata'!A$4, IF(AND(C101 >= 'Campaign Metadata'!B$5, C101 <= 'Campaign Metadata'!C$5), 'Campaign Metadata'!A$5, "No Campaign")))) -> No Campaign
A102: P115 | B102: Twitter | C102: 2025-05-11 | D102: Image | E102: Check out our latest image on twitter! | F102: 2493 | G102: 97 | H102: 44 | I102: 42381 | J102: 41991 | K102: 242 | L102: #TeslaCoInnovation | M102: #AnytimeIsTeslaTime | N102: 1.0126456 | P102: =IF(AND(C102 >= 'Campaign Metadata'!B$2, C102 <= 'Campaign Metadata'!C$2), 'Campaign Metadata'!A$2, IF(AND(C102 >= 'Campaign Metadata'!B$3, C102 <= 'Campaign Metadata'!C$3), 'Campaign Metadata'!A$3, IF(AND(C102 >= 'Campaign Metadata'!B$4, C102 <= 'Campaign Metadata'!C$4), 'Campaign Metadata'!A$4, IF(AND(C102 >= 'Campaign Metadata'!B$5, C102 <= 'Campaign Metadata'!C$5), 'Campaign Metadata'!A$5, "No Campaign")))) -> No Campaign
A103: P026 | B103: Youtube | C103: 2025-04-05 | D103: Reel | E103: Check out our latest reel on youtube! | F103: 3009 | G103: 413 | H103: 358 | I103: 42126 | J103: 41309 | K103: 211 | L103: #FutureOfDriving | N103: 1.038442 | P103: =IF(AND(C103 >= 'Campaign Metadata'!B$2, C103 <= 'Campaign Metadata'!C$2), 'Campaign Metadata'!A$2, IF(AND(C103 >= 'Campaign Metadata'!B$3, C103 <= 'Campaign Metadata'!C$3), 'Campaign Metadata'!A$3, IF(AND(C103 >= 'Campaign Metadata'!B$4, C103 <= 'Campaign Metadata'!C$4), 'Campaign Metadata'!A$4, IF(AND(C103 >= 'Campaign Metadata'!B$5, C103 <= 'Campaign Metadata'!C$5), 'Campaign Metadata'!A$5, "No Campaign")))) -> No Campaign
A104: P245 | B104: Facebook | C104: 2025-01-12 | D104: Reel | E104: Check out our latest reel on facebook! | F104: 4134 | G104: 824 | H104: 99 | I104: 41340 | J104: 41050 | K104: 177 | L104: #EVRevolution | N104: 1.0295493 | P104: =IF(AND(C104 >= 'Campaign Metadata'!B$2, C104 <= 'Campaign Metadata'!C$2), 'Campaign Metadata'!A$2, IF(AND(C104 >= 'Campaign Metadata'!B$3, C104 <= 'Campaign Metadata'!C$3), 'Campaign Metadata'!A$3, IF(AND(C104 >= 'Campaign Metadata'!B$4, C104 <= 'Campaign Metadata'!C$4), 'Campaign Metadata'!A$4, IF(AND(C104 >= 'Campaign Metadata'!B$5, C104 <= 'Campaign Metadata'!C$5), 'Campaign Metadata'!A$5, "No Campaign")))) -> No Campaign
A105: P188 | B105: Youtube | C105: 2024-06-06 | D105: Reel | E105: Check out our latest reel on youtube! | F105: 2728 | G105: 533 | H105: 215 | I105: 40920 | J105: 40816 | K105: 137 | L105: #FutureOfDriving | N105: 1.0208742 | P105: =IF(AND(C105 >= 'Campaign Metadata'!B$2, C105 <= 'Campaign Metadata'!C$2), 'Campaign Metadata'!A$2, IF(AND(C105 >= 'Campaign Metadata'!B$3, C105 <= 'Campaign Metadata'!C$3), 'Campaign Metadata'!A$3, IF(AND(C105 >= 'Campaign Metadata'!B$4, C105 <= 'Campaign Metadata'!C$4), 'Campaign Metadata'!A$4, IF(AND(C105 >= 'Campaign Metadata'!B$5, C105 <= 'Campaign Metadata'!C$5), 'Campaign Metadata'!A$5, "No Campaign")))) -> No Campaign
A106: P111 | B106: Youtube | C106: 2024-11-23 | D106: Image | E106: Check out our latest image on youtube! | F106: 2719 | G106: 17 | H106: 285 | I106: 40785 | J106: 40281 | K106: 40 | L106: #TeslaCoInnovation | N106: 1.0200094 | P106: =IF(AND(C106 >= 'Campaign Metadata'!B$2, C106 <= 'Campaign Metadata'!C$2), 'Campaign Metadata'!A$2, IF(AND(C106 >= 'Campaign Metadata'!B$3, C106 <= 'Campaign Metadata'!C$3), 'Campaign Metadata'!A$3, IF(AND(C106 >= 'Campaign Metadata'!B$4, C106 <= 'Campaign Metadata'!C$4), 'Campaign Metadata'!A$4, IF(AND(C106 >= 'Campaign Metadata'!B$5, C106 <= 'Campaign Metadata'!C$5), 'Campaign Metadata'!A$5, "No Campaign")))) -> No Campaign
A107: P256 | B107: Youtube | C107: 2024-09-18 | D107: Carousel | E107: Check out our latest carousel on youtube! | F107: 2143 | G107: 12 | H107: 204 | I107: 40717 | J107: 40125 | K107: 248 | L107: #EVRevolution | N107: 1.0201371 | P107: =IF(AND(C107 >= 'Campaign Metadata'!B$2, C107 <= 'Campaign Metadata'!C$2), 'Campaign Metadata'!A$2, IF(AND(C107 >= 'Campaign Metadata'!B$3, C107 <= 'Campaign Metadata'!C$3), 'Campaign Metadata'!A$3, IF(AND(C107 >= 'Campaign Metadata'!B$4, C107 <= 'Campaign Metadata'!C$4), 'Campaign Metadata'!A$4, IF(AND(C107 >= 'Campaign Metadata'!B$5, C107 <= 'Campaign Metadata'!C$5), 'Campaign Metadata'!A$5, "No Campaign")))) -> No Campaign
A108: P103 | B108: Facebook | C108: 2024-06-11 | D108: Image | E108: Check out our latest image on facebook! | F108: 3689 | G108: 48 | H108: 306 | I108: 40579 | J108: 39588 | K108: 212 | L108: #EVRevolution | N108: 1.0339749 | P108: =IF(AND(C108 >= 'Campaign Metadata'!B$2, C108 <= 'Campaign Metadata'!C$2), 'Campaign Metadata'!A$2, IF(AND(C108 >= 'Campaign Metadata'!B$3, C108 <= 'Campaign Metadata'!C$3), 'Campaign Metadata'!A$3, IF(AND(C108 >= 'Campaign Metadata'!B$4, C108 <= 'Campaign Metadata'!C$4), 'Campaign Metadata'!A$4, IF(AND(C108 >= 'Campaign Metadata'!B$5, C108 <= 'Campaign Metadata'!C$5), 'Campaign Metadata'!A$5, "No Campaign")))) -> No Campaign
A109: P273 | B109: Youtube | C109: 2024-10-12 | D109: Story | E109: Check out our latest story on youtube! | F109: 3641 | G109: 226 | H109: 46 | I109: 40051 | J109: 39319 | K109: 296 | L109: #EVRevolution | N109: 1.0255347 | P109: =IF(AND(C109 >= 'Campaign Metadata'!B$2, C109 <= 'Campaign Metadata'!C$2), 'Campaign Metadata'!A$2, IF(AND(C109 >= 'Campaign Metadata'!B$3, C109 <= 'Campaign Metadata'!C$3), 'Campaign Metadata'!A$3, IF(AND(C109 >= 'Campaign Metadata'!B$4, C109 <= 'Campaign Metadata'!C$4), 'Campaign Metadata'!A$4, IF(AND(C109 >= 'Campaign Metadata'!B$5, C109 <= 'Campaign Metadata'!C$5), 'Campaign Metadata'!A$5, "No Campaign")))) -> ModelYCampaign
A110: P114 | B110: Twitter | C110: 2024-11-14 | D110: Story | E110: Check out our latest story on twitter! | F110: 4000 | G110: 689 | H110: 488 | I110: 40000 | J110: 39569 | K110: 44 | L110: #FutureOfDriving | N110: 1.0406379 | P110: =IF(AND(C110 >= 'Campaign Metadata'!B$2, C110 <= 'Campaign Metadata'!C$2), 'Campaign Metadata'!A$2, IF(AND(C110 >= 'Campaign Metadata'!B$3, C110 <= 'Campaign Metadata'!C$3), 'Campaign Metadata'!A$3, IF(AND(C110 >= 'Campaign Metadata'!B$4, C110 <= 'Campaign Metadata'!C$4), 'Campaign Metadata'!A$4, IF(AND(C110 >= 'Campaign Metadata'!B$5, C110 <= 'Campaign Metadata'!C$5), 'Campaign Metadata'!A$5, "No Campaign")))) -> No Campaign
A111: P080 | B111: Instagram | C111: 2024-06-13 | D111: Story | E111: Check out our latest story on instagram! | F111: 2103 | G111: 892 | H111: 103 | I111: 39957 | J111: 39466 | K111: 28 | L111: #FutureOfDriving | N111: 1.0376527 | P111: =IF(AND(C111 >= 'Campaign Metadata'!B$2, C111 <= 'Campaign Metadata'!C$2), 'Campaign Metadata'!A$2, IF(AND(C111 >= 'Campaign Metadata'!B$3, C111 <= 'Campaign Metadata'!C$3), 'Campaign Metadata'!A$3, IF(AND(C111 >= 'Campaign Metadata'!B$4, C111 <= 'Campaign Metadata'!C$4), 'Campaign Metadata'!A$4, IF(AND(C111 >= 'Campaign Metadata'!B$5, C111 <= 'Campaign Metadata'!C$5), 'Campaign Metadata'!A$5, "No Campaign")))) -> No Campaign
A112: P079 | B112: Instagram | C112: 2024-10-09 | D112: Carousel | E112: Check out our latest carousel on instagram! | F112: 3068 | G112: 137 | H112: 329 | I112: 39884 | J112: 39404 | K112: 266 | L112: #EVRevolution | N112: 1.0240077 | P112: =IF(AND(C112 >= 'Campaign Metadata'!B$2, C112 <= 'Campaign Metadata'!C$2), 'Campaign Metadata'!A$2, IF(AND(C112 >= 'Campaign Metadata'!B$3, C112 <= 'Campaign Metadata'!C$3), 'Campaign Metadata'!A$3, IF(AND(C112 >= 'Campaign Metadata'!B$4, C112 <= 'Campaign Metadata'!C$4), 'Campaign Metadata'!A$4, IF(AND(C112 >= 'Campaign Metadata'!B$5, C112 <= 'Campaign Metadata'!C$5), 'Campaign Metadata'!A$5, "No Campaign")))) -> ModelYCampaign
A113: P272 | B113: Instagram | C113: 2025-03-27 | D113: Text | E113: Check out our latest text on instagram! | F113: 4941 | G113: 414 | H113: 266 | I113: 39528 | J113: 39154 | K113: 217 | L113: #TeslaCoInnovation | N113: 1.0269193 | P113: =IF(AND(C113 >= 'Campaign Metadata'!B$2, C113 <= 'Campaign Metadata'!C$2), 'Campaign Metadata'!A$2, IF(AND(C113 >= 'Campaign Metadata'!B$3, C113 <= 'Campaign Metadata'!C$3), 'Campaign Metadata'!A$3, IF(AND(C113 >= 'Campaign Metadata'!B$4, C113 <= 'Campaign Metadata'!C$4), 'Campaign Metadata'!A$4, IF(AND(C113 >= 'Campaign Metadata'!B$5, C113 <= 'Campaign Metadata'!C$5), 'Campaign Metadata'!A$5, "No Campaign")))) -> SustainabilityDrive
A114: P164 | B114: Youtube | C114: 2025-02-27 | D114: Text | E114: Check out our latest text on youtube! | F114: 4934 | G114: 971 | H114: 156 | I114: 39472 | J114: 39025 | K114: 169 | L114: #TeslaCoInnovation | M114: #AnytimeIsTeslaTime | N114: 1.0403331 | P114: =IF(AND(C114 >= 'Campaign Metadata'!B$2, C114 <= 'Campaign Metadata'!C$2), 'Campaign Metadata'!A$2, IF(AND(C114 >= 'Campaign Metadata'!B$3, C114 <= 'Campaign Metadata'!C$3), 'Campaign Metadata'!A$3, IF(AND(C114 >= 'Campaign Metadata'!B$4, C114 <= 'Campaign Metadata'!C$4), 'Campaign Metadata'!A$4, IF(AND(C114 >= 'Campaign Metadata'!B$5, C114 <= 'Campaign Metadata'!C$5), 'Campaign Metadata'!A$5, "No Campaign")))) -> No Campaign
A115: P142 | B115: Youtube | C115: 2025-03-25 | D115: Story | E115: Check out our latest story on youtube! | F115: 2070 | G115: 275 | H115: 386 | I115: 39330 | J115: 38627 | K115: 114 | L115: #FutureOfDriving | N115: 1.0353121 | P115: =IF(AND(C115 >= 'Campaign Metadata'!B$2, C115 <= 'Campaign Metadata'!C$2), 'Campaign Metadata'!A$2, IF(AND(C115 >= 'Campaign Metadata'!B$3, C115 <= 'Campaign Metadata'!C$3), 'Campaign Metadata'!A$3, IF(AND(C115 >= 'Campaign Metadata'!B$4, C115 <= 'Campaign Metadata'!C$4), 'Campaign Metadata'!A$4, IF(AND(C115 >= 'Campaign Metadata'!B$5, C115 <= 'Campaign Metadata'!C$5), 'Campaign Metadata'!A$5, "No Campaign")))) -> SustainabilityDrive
A116: P190 | B116: Youtube | C116: 2024-10-04 | D116: Text | E116: Check out our latest text on youtube! | F116: 1963 | G116: 213 | H116: 19 | I116: 39260 | J116: 38771 | K116: 145 | L116: #FutureOfDriving | N116: 1.0185964 | P116: =IF(AND(C116 >= 'Campaign Metadata'!B$2, C116 <= 'Campaign Metadata'!C$2), 'Campaign Metadata'!A$2, IF(AND(C116 >= 'Campaign Metadata'!B$3, C116 <= 'Campaign Metadata'!C$3), 'Campaign Metadata'!A$3, IF(AND(C116 >= 'Campaign Metadata'!B$4, C116 <= 'Campaign Metadata'!C$4), 'Campaign Metadata'!A$4, IF(AND(C116 >= 'Campaign Metadata'!B$5, C116 <= 'Campaign Metadata'!C$5), 'Campaign Metadata'!A$5, "No Campaign")))) -> ModelYCampaign
A117: P110 | B117: Instagram | C117: 2024-07-29 | D117: Reel | E117: Check out our latest reel on instagram! | F117: 3523 | G117: 753 | H117: 482 | I117: 38753 | J117: 38579 | K117: 270 | L117: #EVRevolution | N117: 1.0365225 | P117: =IF(AND(C117 >= 'Campaign Metadata'!B$2, C117 <= 'Campaign Metadata'!C$2), 'Campaign Metadata'!A$2, IF(AND(C117 >= 'Campaign Metadata'!B$3, C117 <= 'Campaign Metadata'!C$3), 'Campaign Metadata'!A$3, IF(AND(C117 >= 'Campaign Metadata'!B$4, C117 <= 'Campaign Metadata'!C$4), 'Campaign Metadata'!A$4, IF(AND(C117 >= 'Campaign Metadata'!B$5, C117 <= 'Campaign Metadata'!C$5), 'Campaign Metadata'!A$5, "No Campaign")))) -> No Campaign
A118: P212 | B118: Youtube | C118: 2025-03-03 | D118: Video | E118: Check out our latest video on youtube! | F118: 3874 | G118: 884 | H118: 19 | I118: 38740 | J118: 38552 | K118: 219 | L118: #TeslaCoInnovation | N118: 1.0282994 | P118: =IF(AND(C118 >= 'Campaign Metadata'!B$2, C118 <= 'Campaign Metadata'!C$2), 'Campaign Metadata'!A$2, IF(AND(C118 >= 'Campaign Metadata'!B$3, C118 <= 'Campaign Metadata'!C$3), 'Campaign Metadata'!A$3, IF(AND(C118 >= 'Campaign Metadata'!B$4, C118 <= 'Campaign Metadata'!C$4), 'Campaign Metadata'!A$4, IF(AND(C118 >= 'Campaign Metadata'!B$5, C118 <= 'Campaign Metadata'!C$5), 'Campaign Metadata'!A$5, "No Campaign")))) -> SustainabilityDrive
A119: P130 | B119: Youtube | C119: 2024-09-29 | D119: Reel | E119: Check out our latest reel on youtube! | F119: 2936 | G119: 439 | H119: 44 | I119: 38168 | J119: 37571 | K119: 22 | L119: #EVRevolution | N119: 1.0287456 | P119: =IF(AND(C119 >= 'Campaign Metadata'!B$2, C119 <= 'Campaign Metadata'!C$2), 'Campaign Metadata'!A$2, IF(AND(C119 >= 'Campaign Metadata'!B$3, C119 <= 'Campaign Metadata'!C$3), 'Campaign Metadata'!A$3, IF(AND(C119 >= 'Campaign Metadata'!B$4, C119 <= 'Campaign Metadata'!C$4), 'Campaign Metadata'!A$4, IF(AND(C119 >= 'Campaign Metadata'!B$5, C119 <= 'Campaign Metadata'!C$5), 'Campaign Metadata'!A$5, "No Campaign")))) -> No Campaign
A120: P233 | B120: Facebook | C120: 2025-03-08 | D120: Image | E120: Check out our latest image on facebook! | F120: 2382 | G120: 265 | H120: 134 | I120: 38112 | J120: 37437 | K120: 249 | L120: #FutureOfDriving | N120: 1.0286882 | P120: =IF(AND(C120 >= 'Campaign Metadata'!B$2, C120 <= 'Campaign Metadata'!C$2), 'Campaign Metadata'!A$2, IF(AND(C120 >= 'Campaign Metadata'!B$3, C120 <= 'Campaign Metadata'!C$3), 'Campaign Metadata'!A$3, IF(AND(C120 >= 'Campaign Metadata'!B$4, C120 <= 'Campaign Metadata'!C$4), 'Campaign Metadata'!A$4, IF(AND(C120 >= 'Campaign Metadata'!B$5, C120 <= 'Campaign Metadata'!C$5), 'Campaign Metadata'!A$5, "No Campaign")))) -> SustainabilityDrive
A121: P092 | B121: Twitter | C121: 2024-10-21 | D121: Story | E121: Check out our latest story on twitter! | F121: 3801 | G121: 967 | H121: 401 | I121: 38010 | J121: 37625 | K121: 236 | L121: #FutureOfDriving | N121: 1.0465914 | P121: =IF(AND(C121 >= 'Campaign Metadata'!B$2, C121 <= 'Campaign Metadata'!C$2), 'Campaign Metadata'!A$2, IF(AND(C121 >= 'Campaign Metadata'!B$3, C121 <= 'Campaign Metadata'!C$3), 'Campaign Metadata'!A$3, IF(AND(C121 >= 'Campaign Metadata'!B$4, C121 <= 'Campaign Metadata'!C$4), 'Campaign Metadata'!A$4, IF(AND(C121 >= 'Campaign Metadata'!B$5, C121 <= 'Campaign Metadata'!C$5), 'Campaign Metadata'!A$5, "No Campaign")))) -> ModelYCampaign
A122: P040 | B122: Twitter | C122: 2025-03-07 | D122: Image | E122: Check out our latest image on twitter! | F122: 4750 | G122: 151 | H122: 415 | I122: 38000 | J122: 37792 | K122: 299 | L122: #EVRevolution | N122: 1.0204805 | P122: =IF(AND(C122 >= 'Campaign Metadata'!B$2, C122 <= 'Campaign Metadata'!C$2), 'Campaign Metadata'!A$2, IF(AND(C122 >= 'Campaign Metadata'!B$3, C122 <= 'Campaign Metadata'!C$3), 'Campaign Metadata'!A$3, IF(AND(C122 >= 'Campaign Metadata'!B$4, C122 <= 'Campaign Metadata'!C$4), 'Campaign Metadata'!A$4, IF(AND(C122 >= 'Campaign Metadata'!B$5, C122 <= 'Campaign Metadata'!C$5), 'Campaign Metadata'!A$5, "No Campaign")))) -> SustainabilityDrive
A123: P255 | B123: Facebook | C123: 2025-04-03 | D123: Story | E123: Check out our latest story on facebook! | F123: 3767 | G123: 514 | H123: 238 | I123: 37670 | J123: 36807 | K123: 226 | L123: #FutureOfDriving | N123: 1.0438775 | P123: =IF(AND(C123 >= 'Campaign Metadata'!B$2, C123 <= 'Campaign Metadata'!C$2), 'Campaign Metadata'!A$2, IF(AND(C123 >= 'Campaign Metadata'!B$3, C123 <= 'Campaign Metadata'!C$3), 'Campaign Metadata'!A$3, IF(AND(C123 >= 'Campaign Metadata'!B$4, C123 <= 'Campaign Metadata'!C$4), 'Campaign Metadata'!A$4, IF(AND(C123 >= 'Campaign Metadata'!B$5, C123 <= 'Campaign Metadata'!C$5), 'Campaign Metadata'!A$5, "No Campaign")))) -> No Campaign
A124: P145 | B124: Instagram | C124: 2024-08-12 | D124: Carousel | E124: Check out our latest carousel on instagram! | F124: 1878 | G124: 62 | H124: 179 | I124: 37560 | J124: 36874 | K124: 142 | L124: #TeslaCoInnovation | N124: 1.0251397 | P124: =IF(AND(C124 >= 'Campaign Metadata'!B$2, C124 <= 'Campaign Metadata'!C$2), 'Campaign Metadata'!A$2, IF(AND(C124 >= 'Campaign Metadata'!B$3, C124 <= 'Campaign Metadata'!C$3), 'Campaign Metadata'!A$3, IF(AND(C124 >= 'Campaign Metadata'!B$4, C124 <= 'Campaign Metadata'!C$4), 'Campaign Metadata'!A$4, IF(AND(C124 >= 'Campaign Metadata'!B$5, C124 <= 'Campaign Metadata'!C$5), 'Campaign Metadata'!A$5, "No Campaign")))) -> No Campaign
...

Sheet Campaign analysis Task5
A1: Campaign | B1: Total Impressions | C1: Avg Likes | D1: Avg Engagement Rate | E1: Total Clicks | F1: Total Ad Spend | G1: Total Engagement | H1: ROI (Engagement/$) | I1: Campaign | J1: New Followers Gained
A2: CybertruckLaunch | B2: =SUMIF(Posts!P:P, A2, Posts!J:J) -> 1157851 | C2: =AVERAGEIF(Posts!P:P, A2, Posts!G:G) -> 405.62963 | D2: =AVERAGEIF(Posts!P:P, A2, Posts!N:N) -> 1.0422737 | E2: =SUMIF(Posts!P:P, A2, Posts!K:K) -> 3759 | F2: =SUMIFS('Engagement Summary'!G:G, 'Engagement Summary'!A:A, ">=" & 'Campaign Metadata'!B2, 'Engagement Summary'!A:A, "<=" & 'Campaign Metadata'!C2) -> 468757 | G2: =SUMIF(Posts!P:P, A2, Posts!G:G) + SUMIF(Posts!P:P, A2, Posts!H:H) + SUMIF(Posts!P:P, A2, Posts!I:I) -> 1189097 | H2: =G2/F2 -> 2.5367024 | I2: =SUMIFS('Engagement Summary'!C:C, 'Engagement Summary'!A:A, ">=" & 'Campaign Metadata'!B2, 'Engagement Summary'!A:A, "<=" & 'Campaign Metadata'!C2) -> 18105
A3: ModelYCampaign | B3: =SUMIF(Posts!P:P, A3, Posts!J:J) -> 1463004 | C3: =AVERAGEIF(Posts!P:P, A3, Posts!G:G) -> 593.31429 | D3: =AVERAGEIF(Posts!P:P, A3, Posts!N:N) -> 1.1494607 | E3: =SUMIF(Posts!P:P, A3, Posts!K:K) -> 4629 | F3: =SUMIFS('Engagement Summary'!G:G, 'Engagement Summary'!A:A, ">=" & 'Campaign Metadata'!B3, 'Engagement Summary'!A:A, "<=" & 'Campaign Metadata'!C3) -> 447611 | G3: =SUMIF(Posts!P:P, A3, Posts!G:G) + SUMIF(Posts!P:P, A3, Posts!H:H) + SUMIF(Posts!P:P, A3, Posts!I:I) -> 1510761 | H3: =G3/F3 -> 3.375165 | I3: =SUMIFS('Engagement Summary'!C:C, 'Engagement Summary'!A:A, ">=" & 'Campaign Metadata'!B3, 'Engagement Summary'!A:A, "<=" & 'Campaign Metadata'!C3) -> 14518
A4: FSDUpdate | B4: =SUMIF(Posts!P:P, A4, Posts!J:J) -> 268852 | C4: =AVERAGEIF(Posts!P:P, A4, Posts!G:G) -> 438.9 | D4: =AVERAGEIF(Posts!P:P, A4, Posts!N:N) -> 1.0781053 | E4: =SUMIF(Posts!P:P, A4, Posts!K:K) -> 1056 | F4: =SUMIFS('Engagement Summary'!G:G, 'Engagement Summary'!A:A, ">=" & 'Campaign Metadata'!B4, 'Engagement Summary'!A:A, "<=" & 'Campaign Metadata'!C4) -> 151428 | G4: =SUMIF(Posts!P:P, A4, Posts!G:G) + SUMIF(Posts!P:P, A4, Posts!H:H) + SUMIF(Posts!P:P, A4, Posts!I:I) -> 281116 | H4: =G4/F4 -> 1.8564334 | I4: =SUMIFS('Engagement Summary'!C:C, 'Engagement Summary'!A:A, ">=" & 'Campaign Metadata'!B4, 'Engagement Summary'!A:A, "<=" & 'Campaign Metadata'!C4) -> 11428
A5: SustainabilityDrive | B5: =SUMIF(Posts!P:P, A5, Posts!J:J) -> 1021386 | C5: =AVERAGEIF(Posts!P:P, A5, Posts!G:G) -> 485.96875 | D5: =AVERAGEIF(Posts!P:P, A5, Posts!N:N) -> 1.0788523 | E5: =SUMIF(Posts!P:P, A5, Posts!K:K) -> 5178 | F5: =SUMIFS('Engagement Summary'!G:G, 'Engagement Summary'!A:A, ">=" & 'Campaign Metadata'!B5, 'Engagement Summary'!A:A, "<=" & 'Campaign Metadata'!C5) -> 423771 | G5: =SUMIF(Posts!P:P, A5, Posts!G:G) + SUMIF(Posts!P:P, A5, Posts!H:H) + SUMIF(Posts!P:P, A5, Posts!I:I) -> 1066686 | H5: =G5/F5 -> 2.5171284 | I5: =SUMIFS('Engagement Summary'!C:C, 'Engagement Summary'!A:A, ">=" & 'Campaign Metadata'!B5, 'Engagement Summary'!A:A, "<=" & 'Campaign Metadata'!C5) -> 20682
A10: Campaign | B10: Baseline ER | C10: Campaign ER | D10: Uplift %
A11: CybertruckLaunch | B11: =IFERROR(AVERAGEIFS(Posts!N:N, Posts!C:C, ">=" & DATE(2024,5,18), Posts!C:C, "<" & DATE(2024,6,15)), AVERAGE(Posts!N:N)) -> 2.4307406 | C11: =D2 -> 1.0422737 | D11: =(C11-B11)/B11 -> -0.57121146
A12: ModelYCampaign | B12: =IFERROR(AVERAGEIFS(Posts!N:N, Posts!C:C, ">=" & DATE(2024,9,3), Posts!C:C, "<" & DATE(2024,10,1)), AVERAGE(Posts!N:N)) -> 2.4307406 | C12: =D3 -> 1.1494607 | D12: =(C12-B12)/B12 -> -0.52711504
A13: FSDUpdate | B13: =IFERROR(AVERAGEIFS(Posts!N:N, Posts!C:C, ">=" & DATE(2024,11,27), Posts!C:C, "<" & DATE(2024,12,25)), AVERAGE(Posts!N:N)) -> 2.4307406 | C13: =D4 -> 1.0781053 | D13: =(C13-B13)/B13 -> -0.55647046
A14: SustainabilityDrive | B14: =IFERROR(AVERAGEIFS(Posts!N:N, Posts!C:C, ">=" & DATE(2024,11,27), Posts!C:C, "<" & DATE(2024,12,25)), AVERAGE(Posts!N:N)) -> 2.4307406 | C14: =D5 -> 1.0788523 | D14: =(C14-B14)/B14 -> -0.55616312

Sheet Engagement Summary
A1: Week_Start_Date | B1: Platform | C1: New_Followers | D1: Unfollows | E1: Total_Followers | F1: Engagement_Rate | G1: Ad_Spend
A2: 45446 | B2: Instagram | C2: 1135 | D2: 88 | E2: 344084 | F2: 8.06 | G2: 5904
A3: 45446 | B3: Facebook | C3: 1312 | D3: 310 | E3: 42654 | F3: 4.98 | G3: 9566
A4: 45446 | B4: Twitter | C4: 584 | D4: 169 | E4: 146834 | F4: 8.31 | G4: 26752
A5: 45446 | B5: YouTube | C5: 1535 | D5: 445 | E5: 395536 | F5: 4.11 | G5: 30671
A6: 45453 | B6: Instagram | C6: 656 | D6: 139 | E6: 49157 | F6: 9.05 | G6: 9920
A7: 45453 | B7: Facebook | C7: 1697 | D7: 414 | E7: 316555 | F7: 2.37 | G7: 7924
A8: 45453 | B8: Twitter | C8: 436 | D8: 250 | E8: 254347 | F8: 4.01 | G8: 8912
A9: 45453 | B9: YouTube | C9: 1197 | D9: 203 | E9: 413878 | F9: 3.16 | G9: 21205
A10: 45460 | B10: Instagram | C10: 1048 | D10: 155 | E10: 456946 | F10: 2.46 | G10: 11329
A11: 45460 | B11: Facebook | C11: 1753 | D11: 371 | E11: 169496 | F11: 8.11 | G11: 46670
A12: 45460 | B12: Twitter | C12: 1335 | D12: 40 | E12: 122732 | F12: 8.19 | G12: 22482
A13: 45460 | B13: YouTube | C13: 403 | D13: 66 | E13: 382851 | F13: 3.49 | G13: 24313
... A201: 45789 | B201: YouTube | C201: 119 | D201: 456 | E201: 82558 | F201: 6.81 | G201: 12174

Sheet Campaign Metadata
A1: Campaign_Name | B1: Start_Date | C1: End_Date | D1: Objective | E1: Total_Budget | F1: Target_Platforms | G1: Primary_Hashtags
A2: CybertruckLaunch | B2: 2024-06-15 | C2: 2024-07-15 | D2: Product Awareness | E2: 150000 | F2: Instagram,Facebook | G2: #EVRevolution,#TeslaCoInnovation
A3: ModelYCampaign | B3: 2024-10-01 | C3: 2024-10-31 | D3: Customer Engagement | E3: 200000 | F3: Instagram,YouTube | G3: #AnytimeIsTeslaTime,
A4: FSDUpdate | B4: 2024-12-25 | C4: 2025-01-10 | D4: Vehicle Launch | E4: 250000 | F4: Facebook,Twitter | G4: #SmoothLikeNitroTesla
A5: SustainabilityDrive | B5: 2025-03-01 | C5: 2025-03-31 | D5: Community Growth | E5: 180000 | F5: Instagram,Twitter | G5: #BetterWithTesla,#FutureOfDriving
